{"type":"FeatureCollection","features":[{"type":"Feature","id":"tis_poligonais.229","geometry":{"type":"MultiPolygon","coordinates":[[[[-52.58639179,-4.00000274],[-52.58659344,-3.99954502],[-52.5868593,-3.9987201],[-52.58854785,-3.99680078],[-52.58851484,-3.99645363],[-52.58796197,-3.99613854],[-52.58790127,-3.9959082],[-52.58810453,-3.99530897],[-52.58862298,-3.99479621],[-52.58985612,-3.99417052],[-52.59001203,-3.99395196],[-52.59004785,-3.99355492],[-52.59020192,-3.99243996],[-52.59035278,-3.99184105],[-52.59023729,-3.99159448],[-52.58884353,-3.99104235],[-52.5880388,-3.99041538],[-52.58728742,-3.98933188],[-52.58668603,-3.98813957],[-52.5862265,-3.98705306],[-52.58627811,-3.9866632],[-52.5865721,-3.98643255],[-52.58753987,-3.98656918],[-52.58784775,-3.98638885],[-52.58787031,-3.98613207],[-52.58768708,-3.98590742],[-52.58763601,-3.98566325],[-52.58825484,-3.98548227],[-52.58849875,-3.98532273],[-52.58891301,-3.98481875],[-52.58913727,-3.98417542],[-52.58939128,-3.98247404],[-52.58920328,-3.9808322],[-52.58880857,-3.97935679],[-52.58887399,-3.9790982],[-52.58922661,-3.97880818],[-52.58932626,-3.9786051],[-52.58968404,-3.97861128],[-52.59051382,-3.97936194],[-52.59081654,-3.97938991],[-52.59118754,-3.97924613],[-52.59125187,-3.97902487],[-52.59129999,-3.97885939],[-52.59107023,-3.97831614],[-52.59102806,-3.97759872],[-52.59093809,-3.97740319],[-52.59071584,-3.97729953],[-52.59048431,-3.97809599],[-52.59023678,-3.97805558],[-52.58992544,-3.97770493],[-52.58992443,-3.97717508],[-52.59004874,-3.97700989],[-52.59041751,-3.976973],[-52.59060995,-3.97683653],[-52.59069913,-3.9766021],[-52.5905334,-3.97640594],[-52.59029753,-3.97643515],[-52.58986814,-3.97632239],[-52.58975052,-3.97593465],[-52.59011967,-3.97463729],[-52.59002383,-3.97429192],[-52.58982739,-3.97406968],[-52.58954672,-3.97375213],[-52.58854282,-3.973021],[-52.58795896,-3.97288584],[-52.58771263,-3.97298674],[-52.58694646,-3.97359896],[-52.58635128,-3.97368243],[-52.58583616,-3.97359942],[-52.58583101,-3.97341109],[-52.58631484,-3.97339923],[-52.58656479,-3.97301006],[-52.58647328,-3.97276127],[-52.58594459,-3.97260882],[-52.58529634,-3.97272564],[-52.58519955,-3.97328652],[-52.58502826,-3.97341608],[-52.58473887,-3.97343092],[-52.58455235,-3.97332632],[-52.58426188,-3.97295669],[-52.58451926,-3.97211543],[-52.58456619,-3.97098408],[-52.58557629,-3.96981681],[-52.58576529,-3.96871739],[-52.58587931,-3.96853838],[-52.5863223,-3.96832845],[-52.58656484,-3.96811003],[-52.58670574,-3.96743953],[-52.5868326,-3.96723872],[-52.58698915,-3.96716716],[-52.58723183,-3.96728333],[-52.58744741,-3.96759702],[-52.58744734,-3.96794022],[-52.58762081,-3.96857293],[-52.58785029,-3.96897447],[-52.58834801,-3.96929169],[-52.58913151,-3.96912123],[-52.58949585,-3.96889146],[-52.59048518,-3.96792905],[-52.59110584,-3.96701574],[-52.59166287,-3.96550184],[-52.59165876,-3.96532843],[-52.59150074,-3.96528324],[-52.59116135,-3.96554584],[-52.59111518,-3.96473243],[-52.5909225,-3.96455383],[-52.59065178,-3.96481022],[-52.59031276,-3.96478854],[-52.59021345,-3.96465832],[-52.59015355,-3.96429684],[-52.58959708,-3.96393011],[-52.58950834,-3.96375303],[-52.58938665,-3.96351018],[-52.58981105,-3.96271128],[-52.58989567,-3.96207898],[-52.59004534,-3.96175593],[-52.59037187,-3.96148427],[-52.59103773,-3.96127327],[-52.59131932,-3.96099682],[-52.5913501,-3.96074942],[-52.59119984,-3.96057978],[-52.59068134,-3.96038019],[-52.59063518,-3.96007],[-52.59105428,-3.9595104],[-52.59103369,-3.95914852],[-52.59073064,-3.95837109],[-52.58963118,-3.95761572],[-52.58909928,-3.95709855],[-52.58824836,-3.95667264],[-52.5881144,-3.95645717],[-52.5882259,-3.95599547],[-52.58812837,-3.95555116],[-52.58799519,-3.95494443],[-52.58805973,-3.95460129],[-52.58832234,-3.95433735],[-52.58890525,-3.95407198],[-52.5890731,-3.95388202],[-52.58905267,-3.95355568],[-52.58884961,-3.95322345],[-52.58819201,-3.95265207],[-52.58756171,-3.95176367],[-52.58636631,-3.95079062],[-52.58615006,-3.94967172],[-52.58596874,-3.94930589],[-52.58418566,-3.94750033],[-52.58352565,-3.94660528],[-52.58323496,-3.94634553],[-52.5815645,-3.94480472],[-52.58080465,-3.94402492],[-52.58027291,-3.94396886],[-52.57861774,-3.94222037],[-52.57762974,-3.94086218],[-52.57759334,-3.93986104],[-52.57774987,-3.93909268],[-52.5779596,-3.93867086],[-52.57931051,-3.93730897],[-52.58046965,-3.93634644],[-52.5804753,-3.93609575],[-52.57975679,-3.93525606],[-52.57921109,-3.93442337],[-52.5791298,-3.93400192],[-52.57922854,-3.93381333],[-52.57959811,-3.9335626],[-52.58019843,-3.93369004],[-52.58072596,-3.93353957],[-52.58100348,-3.93325819],[-52.58124693,-3.93275302],[-52.58176055,-3.93266401],[-52.58197786,-3.93249114],[-52.58218687,-3.93215556],[-52.5823986,-3.93204523],[-52.58301187,-3.93193228],[-52.58316029,-3.93156628],[-52.58223961,-3.93051808],[-52.58208747,-3.93010797],[-52.58231069,-3.92996394],[-52.58253829,-3.92994605],[-52.58304261,-3.93030795],[-52.58331098,-3.93039278],[-52.58360452,-3.93024568],[-52.5837739,-3.92991296],[-52.58373633,-3.92902928],[-52.5838387,-3.9286964],[-52.58422871,-3.92852465],[-52.58483067,-3.92874253],[-52.58582391,-3.92846709],[-52.58605802,-3.92832023],[-52.58625694,-3.92770544],[-52.58688497,-3.92666765],[-52.58675453,-3.9265169],[-52.58634012,-3.92630978],[-52.58617283,-3.92598962],[-52.58621367,-3.92584315],[-52.58700327,-3.92563026],[-52.58716412,-3.92545379],[-52.58736552,-3.92428761],[-52.58728593,-3.92410373],[-52.5868656,-3.92386026],[-52.5867787,-3.92346794],[-52.58663596,-3.92331782],[-52.58623016,-3.92337628],[-52.58598507,-3.92365225],[-52.58607271,-3.92379947],[-52.58651998,-3.92402976],[-52.58656697,-3.92431573],[-52.58630115,-3.9247381],[-52.58606296,-3.92481723],[-52.58584864,-3.92475423],[-52.58553535,-3.92422661],[-52.58532758,-3.9241504],[-52.58393635,-3.92507963],[-52.58359443,-3.92512422],[-52.58334624,-3.92525901],[-52.58309221,-3.92523153],[-52.58278374,-3.925045],[-52.58264808,-3.92465045],[-52.58266311,-3.92453654],[-52.58369234,-3.92445555],[-52.58576574,-3.92309935],[-52.58589248,-3.92284046],[-52.58572371,-3.9225242],[-52.58575407,-3.92230454],[-52.58645131,-3.92224567],[-52.58658939,-3.92205978],[-52.5864973,-3.92188161],[-52.58629807,-3.92175638],[-52.58592275,-3.92165074],[-52.58433489,-3.92080709],[-52.5840004,-3.92052973],[-52.58364094,-3.91999802],[-52.5837138,-3.91962031],[-52.58422718,-3.91854398],[-52.58431922,-3.91816796],[-52.584322,-3.9172977],[-52.58443571,-3.91695292],[-52.58506358,-3.91637748],[-52.58517733,-3.91605215],[-52.58519087,-3.91568812],[-52.58477352,-3.91471855],[-52.58463052,-3.91414311],[-52.58468391,-3.91144208],[-52.58479572,-3.91073242],[-52.58487407,-3.91023513],[-52.58522264,-3.90971574],[-52.58520719,-3.90939879],[-52.58499264,-3.90902706],[-52.58449425,-3.90853703],[-52.58421618,-3.90838083],[-52.58346899,-3.9081765],[-52.58321729,-3.90748162],[-52.58333949,-3.90738843],[-52.58356039,-3.90750792],[-52.58411291,-3.90732492],[-52.58427625,-3.90737806],[-52.58471653,-3.90813562],[-52.58528764,-3.90846255],[-52.58680399,-3.91004623],[-52.58722947,-3.91028621],[-52.58763309,-3.91016788],[-52.58773059,-3.91000194],[-52.58767038,-3.90979296],[-52.58671371,-3.90874301],[-52.58664976,-3.9084929],[-52.58677614,-3.90832834],[-52.58701734,-3.90821927],[-52.58722622,-3.90831012],[-52.58788199,-3.90931741],[-52.58818744,-3.90951653],[-52.58844968,-3.90959479],[-52.58965729,-3.90953282],[-52.59020362,-3.90901011],[-52.59029769,-3.90877539],[-52.59021015,-3.9084792],[-52.58964872,-3.90794064],[-52.58927843,-3.90772683],[-52.58800676,-3.90737808],[-52.58750479,-3.90709849],[-52.58739005,-3.90688818],[-52.58748556,-3.90673155],[-52.58818586,-3.90661329],[-52.58899958,-3.90672244],[-52.58937441,-3.90685694],[-52.59065055,-3.9076668],[-52.59094482,-3.90772367],[-52.59122375,-3.90766518],[-52.59145641,-3.9074221],[-52.59150671,-3.90688039],[-52.59140882,-3.90667746],[-52.59091567,-3.90634288],[-52.59089823,-3.90578267],[-52.59067472,-3.90533445],[-52.59063321,-3.90474311],[-52.59035848,-3.90436541],[-52.5901673,-3.90426068],[-52.58971856,-3.90432013],[-52.58945421,-3.90446904],[-52.58893386,-3.90499617],[-52.5886911,-3.90508634],[-52.58811142,-3.90503932],[-52.58753962,-3.9054044],[-52.58580347,-3.90489084],[-52.58501319,-3.90474873],[-52.58491444,-3.90452273],[-52.58494942,-3.9043068],[-52.58570503,-3.90420192],[-52.58646865,-3.90428657],[-52.58782984,-3.90474341],[-52.58828545,-3.90469281],[-52.58850345,-3.90460214],[-52.58858617,-3.90444608],[-52.58854281,-3.90422523],[-52.58835607,-3.90408206],[-52.58774512,-3.90383371],[-52.58758412,-3.90368154],[-52.58752662,-3.90350937],[-52.58775166,-3.90270941],[-52.58774069,-3.90238015],[-52.5875693,-3.90216452],[-52.58672272,-3.90167325],[-52.586578,-3.90069728],[-52.58664326,-3.90044149],[-52.58697531,-3.90031112],[-52.58742299,-3.90048235],[-52.58808096,-3.90175705],[-52.58864286,-3.90201825],[-52.5887791,-3.90216875],[-52.58919046,-3.903254],[-52.58940011,-3.90351351],[-52.58991004,-3.90367714],[-52.59054379,-3.90345935],[-52.59088374,-3.90314544],[-52.59110747,-3.90279603],[-52.59113126,-3.90232383],[-52.59089528,-3.90166275],[-52.58976515,-3.89986749],[-52.58938407,-3.89946758],[-52.58918935,-3.89951652],[-52.58898575,-3.89969786],[-52.58874864,-3.89960208],[-52.58831433,-3.89905288],[-52.58767767,-3.89857912],[-52.58663831,-3.89851497],[-52.58639982,-3.89866232],[-52.58607908,-3.89886049],[-52.58571812,-3.89949295],[-52.58571954,-3.89986698],[-52.58618003,-3.90075102],[-52.58603554,-3.90110028],[-52.58589259,-3.90121513],[-52.58564947,-3.90101482],[-52.5853419,-3.90034682],[-52.58503308,-3.9000685],[-52.58478317,-3.89999337],[-52.58425875,-3.90031847],[-52.58343417,-3.90114877],[-52.58338685,-3.90141121],[-52.58401101,-3.90237317],[-52.58426679,-3.90308513],[-52.58426388,-3.90340781],[-52.58412276,-3.90363172],[-52.58353457,-3.90409179],[-52.58340696,-3.90451716],[-52.58358326,-3.90470765],[-52.58414033,-3.90499301],[-52.58569315,-3.90526428],[-52.58595808,-3.90552224],[-52.586417,-3.90632534],[-52.58664699,-3.90701402],[-52.58667132,-3.90759882],[-52.58653393,-3.90770335],[-52.58633284,-3.9076889],[-52.58585794,-3.90743983],[-52.58550293,-3.90672905],[-52.58480162,-3.90606296],[-52.58290236,-3.90489631],[-52.58252576,-3.90458023],[-52.58236482,-3.90417357],[-52.58238752,-3.90387669],[-52.58320654,-3.90360541],[-52.5833654,-3.90337658],[-52.5833328,-3.90313401],[-52.58316873,-3.90288309],[-52.58240738,-3.90241941],[-52.58226353,-3.90195964],[-52.58174945,-3.9014558],[-52.58170181,-3.90125806],[-52.58190328,-3.90084797],[-52.58183154,-3.9002317],[-52.58196559,-3.89990254],[-52.58219908,-3.89974106],[-52.58347504,-3.89967487],[-52.58436152,-3.89937269],[-52.5854026,-3.89837369],[-52.58620694,-3.89785243],[-52.58685626,-3.89719593],[-52.58691416,-3.89700156],[-52.58663854,-3.89647024],[-52.58667816,-3.89622942],[-52.58713858,-3.8955294],[-52.5873377,-3.89478167],[-52.58730962,-3.89444938],[-52.58719222,-3.89426177],[-52.58667981,-3.89397822],[-52.58664456,-3.89376116],[-52.58692411,-3.89340703],[-52.588031,-3.89284606],[-52.58833495,-3.89239801],[-52.58827725,-3.89211931],[-52.58746193,-3.89037419],[-52.58731485,-3.89035948],[-52.58706604,-3.8903346],[-52.58678924,-3.89057281],[-52.58648502,-3.89054227],[-52.58638207,-3.89041321],[-52.5862141,-3.88951605],[-52.58617967,-3.88640714],[-52.58588785,-3.8851713],[-52.58575752,-3.88486024],[-52.58566804,-3.88464669],[-52.58551827,-3.88428922],[-52.58574575,-3.8836335],[-52.58534317,-3.88236554],[-52.58572928,-3.88155073],[-52.58547699,-3.88101881],[-52.58482469,-3.88025685],[-52.5847098,-3.87996876],[-52.58473684,-3.87916004],[-52.58419177,-3.87810152],[-52.58365086,-3.8773465],[-52.58314154,-3.87685422],[-52.5830996,-3.87493879],[-52.58271788,-3.87440122],[-52.58131886,-3.87296095],[-52.58029847,-3.87126394],[-52.57603274,-3.8676863],[-52.57553819,-3.86711747],[-52.57561702,-3.8670223],[-52.57568216,-3.86694364],[-52.57624558,-3.86704688],[-52.57679661,-3.86761637],[-52.57857981,-3.86910302],[-52.57916281,-3.86918748],[-52.57929692,-3.86920691],[-52.57999328,-3.86972349],[-52.58082194,-3.87055687],[-52.58158026,-3.87131952],[-52.58216048,-3.87220289],[-52.58309259,-3.8730479],[-52.58377535,-3.87325321],[-52.58408728,-3.87334701],[-52.58470215,-3.87322232],[-52.58513379,-3.87326845],[-52.58531949,-3.87338992],[-52.58562389,-3.87395945],[-52.58584252,-3.87416777],[-52.58652627,-3.87416649],[-52.58802193,-3.87450811],[-52.58821109,-3.87444029],[-52.58937957,-3.87402133],[-52.5906205,-3.87389583],[-52.59144062,-3.87329751],[-52.59204457,-3.87256005],[-52.59345283,-3.87115214],[-52.59369892,-3.87053157],[-52.59383868,-3.86976687],[-52.59406643,-3.86926145],[-52.5939159,-3.86887412],[-52.59349375,-3.86875537],[-52.59328098,-3.86881949],[-52.59156612,-3.86933629],[-52.59090773,-3.86929867],[-52.59072724,-3.86917385],[-52.59073402,-3.86890015],[-52.59107648,-3.86873115],[-52.59287013,-3.86849808],[-52.59350271,-3.86814727],[-52.59411462,-3.86709862],[-52.5943179,-3.86616206],[-52.59423022,-3.86510622],[-52.59362129,-3.86374378],[-52.59332926,-3.86343215],[-52.59273163,-3.86314422],[-52.59088227,-3.86225323],[-52.59019055,-3.86191997],[-52.58904366,-3.86136741],[-52.58786518,-3.8596178],[-52.58783536,-3.85946312],[-52.58829032,-3.85932246],[-52.58835893,-3.85917483],[-52.58824394,-3.85882769],[-52.58827183,-3.85842845],[-52.58869651,-3.85812863],[-52.58872827,-3.85792008],[-52.58801397,-3.85701634],[-52.58737415,-3.85642021],[-52.58717606,-3.85636596],[-52.58701032,-3.85642089],[-52.58682295,-3.85666539],[-52.58746114,-3.85720801],[-52.58741297,-3.85774094],[-52.58766342,-3.85836389],[-52.58752972,-3.85860365],[-52.58732271,-3.85864248],[-52.58707485,-3.8583768],[-52.58624032,-3.85734151],[-52.58611867,-3.85704104],[-52.58619119,-3.85655708],[-52.58634669,-3.85643741],[-52.58630015,-3.85614521],[-52.58595114,-3.85564124],[-52.58563491,-3.85465473],[-52.58521476,-3.85394559],[-52.58471795,-3.85346278],[-52.58409764,-3.85319091],[-52.58367827,-3.85346633],[-52.58320557,-3.85407241],[-52.58306168,-3.85440702],[-52.58292012,-3.85517625],[-52.58294958,-3.85562448],[-52.58276324,-3.85633013],[-52.58256638,-3.85649979],[-52.58225319,-3.85647976],[-52.58215974,-3.85638772],[-52.58214945,-3.85578604],[-52.58229607,-3.85521111],[-52.5825811,-3.85409347],[-52.58254299,-3.85215832],[-52.58231191,-3.85086182],[-52.58236841,-3.85049436],[-52.58259621,-3.85001192],[-52.58259044,-3.84981433],[-52.58196504,-3.8487735],[-52.58184152,-3.8450071],[-52.58132188,-3.84225378],[-52.58076266,-3.84055218],[-52.58019934,-3.83963115],[-52.57874389,-3.83813161],[-52.57814344,-3.83729249],[-52.57799706,-3.83616683],[-52.57784746,-3.83584272],[-52.57659631,-3.83419105],[-52.5754278,-3.83160042],[-52.57503477,-3.83111288],[-52.57298724,-3.82857296],[-52.57225381,-3.82702686],[-52.57139914,-3.82341579],[-52.57128308,-3.82246335],[-52.57134158,-3.8217346],[-52.5714508,-3.82037407],[-52.57139251,-3.81975433],[-52.57099024,-3.81860735],[-52.5709323,-3.81818277],[-52.57087309,-3.81705804],[-52.57092831,-3.81597904],[-52.5708111,-3.81439536],[-52.57105718,-3.81336105],[-52.57149695,-3.81289026],[-52.57196516,-3.81266594],[-52.5720648,-3.81240313],[-52.5720484,-3.81209893],[-52.57139464,-3.81058478],[-52.57102715,-3.80740501],[-52.57079653,-3.80632644],[-52.56993605,-3.80385278],[-52.5698115,-3.8028325],[-52.56979903,-3.80210907],[-52.56963275,-3.80171335],[-52.56906429,-3.80106225],[-52.56807393,-3.80030041],[-52.56723969,-3.79949017],[-52.56677738,-3.79873732],[-52.56660867,-3.79828816],[-52.56658309,-3.79752999],[-52.56673537,-3.79704986],[-52.56751851,-3.79557777],[-52.56764126,-3.79504877],[-52.56763791,-3.79453682],[-52.56742203,-3.79358502],[-52.56699824,-3.79237647],[-52.56564873,-3.78958589],[-52.56389026,-3.78690872],[-52.56303761,-3.78631573],[-52.56247487,-3.7860344],[-52.56105371,-3.78555991],[-52.55930712,-3.78534872],[-52.5567173,-3.78568717],[-52.55418646,-3.78581436],[-52.55175538,-3.78593653],[-52.55123183,-3.78571988],[-52.55006298,-3.7849633],[-52.54969691,-3.78490652],[-52.54712434,-3.78543999],[-52.54555014,-3.78607708],[-52.54426011,-3.78615095],[-52.54291843,-3.7858662],[-52.54032646,-3.78479968],[-52.53819077,-3.78365857],[-52.53795863,-3.78351477],[-52.53712172,-3.78299634],[-52.53453283,-3.78193123],[-52.53372034,-3.78148925],[-52.53148689,-3.78088464],[-52.53032132,-3.78045115],[-52.5296367,-3.77997195],[-52.52895669,-3.77877413],[-52.52861221,-3.77793692],[-52.52838096,-3.77645659],[-52.52832165,-3.77522855],[-52.52902895,-3.77291871],[-52.52903229,-3.77219566],[-52.5283776,-3.77028649],[-52.52773984,-3.76941127],[-52.52719892,-3.76892711],[-52.52584712,-3.76816484],[-52.52412282,-3.76738384],[-52.52396843,-3.76655995],[-52.52361899,-3.76617421],[-52.52323434,-3.7659903],[-52.52206333,-3.7646375],[-52.52172879,-3.76402147],[-52.52158882,-3.76356437],[-52.52122188,-3.76305232],[-52.52072472,-3.76283397],[-52.51980525,-3.76293577],[-52.51811287,-3.76287559],[-52.51703748,-3.76256726],[-52.51598207,-3.76194073],[-52.51466174,-3.76054747],[-52.51395025,-3.76013196],[-52.51314503,-3.75982744],[-52.51295437,-3.75868044],[-52.51277085,-3.75818145],[-52.51235278,-3.75761964],[-52.51170611,-3.75746539],[-52.51096861,-3.75758179],[-52.51070077,-3.75752456],[-52.50994338,-3.75698169],[-52.50899128,-3.7565638],[-52.50865375,-3.75650786],[-52.50760617,-3.75677094],[-52.50742414,-3.75698405],[-52.50659816,-3.7571584],[-52.5061395,-3.7569737],[-52.50460439,-3.75674008],[-52.50375745,-3.75671087],[-52.50276956,-3.7566768],[-52.50186712,-3.75685064],[-52.50044796,-3.75674849],[-52.49999546,-3.75671593],[-52.49986308,-3.7567064],[-52.49974136,-3.75658374],[-52.49937035,-3.75648064],[-52.49838197,-3.75550049],[-52.49736703,-3.75483008],[-52.49548245,-3.75433969],[-52.49432887,-3.75358914],[-52.49294225,-3.7521003],[-52.49204026,-3.75073254],[-52.49192576,-3.74948796],[-52.49208076,-3.74808774],[-52.49217955,-3.74719528],[-52.49199393,-3.74646533],[-52.49168189,-3.74607212],[-52.4911588,-3.74586551],[-52.49073807,-3.74582928],[-52.48935921,-3.74614092],[-52.48832757,-3.74653306],[-52.48708656,-3.7466994],[-52.48599963,-3.74754357],[-52.48513767,-3.74787963],[-52.48318314,-3.74793649],[-52.48219742,-3.7477764],[-52.48047912,-3.74808121],[-52.47991327,-3.74808295],[-52.47943386,-3.74796174],[-52.47808103,-3.74734071],[-52.47435935,-3.74515413],[-52.47165314,-3.74296122],[-52.47124013,-3.74254048],[-52.47088629,-3.74199202],[-52.47040743,-3.74047499],[-52.47031549,-3.73856831],[-52.47001388,-3.73772134],[-52.46932419,-3.73703354],[-52.46649368,-3.73545466],[-52.46566241,-3.73473892],[-52.46357218,-3.73247341],[-52.46262436,-3.73117313],[-52.46186607,-3.73013286],[-52.46084563,-3.72898777],[-52.46001153,-3.72833503],[-52.45915655,-3.72791877],[-52.45849523,-3.72792779],[-52.45670807,-3.72754084],[-52.4562482,-3.72734144],[-52.45590032,-3.72707781],[-52.45545744,-3.72613571],[-52.45381328,-3.72540477],[-52.45351354,-3.72516831],[-52.4533652,-3.72474225],[-52.45346371,-3.72442314],[-52.45148536,-3.7255408],[-52.44979103,-3.72622582],[-52.44941691,-3.72711742],[-52.44881609,-3.72816312],[-52.44851249,-3.72916218],[-52.44771835,-3.73726153],[-52.44769709,-3.73941178],[-52.44713601,-3.74266041],[-52.44681332,-3.74334428],[-52.44681332,-3.74334428],[-52.44595684,-3.74407386],[-52.44410076,-3.74489878],[-52.44316502,-3.74551199],[-52.44268348,-3.74627637],[-52.44243862,-3.74693184],[-52.44238872,-3.74809185],[-52.443756,-3.75064308],[-52.44496341,-3.75225382],[-52.44530093,-3.75319346],[-52.44547473,-3.75444786],[-52.44511251,-3.75557826],[-52.44393277,-3.75744717],[-52.44129914,-3.76102834],[-52.44084676,-3.76147384],[-52.43849792,-3.76298933],[-52.43752423,-3.76339297],[-52.43752423,-3.76339297],[-52.43716253,-3.76405169],[-52.43706661,-3.76450572],[-52.43700043,-3.76691196],[-52.43678536,-3.76767803],[-52.43662678,-3.76809592],[-52.43593921,-3.76861572],[-52.43494981,-3.76874703],[-52.43385437,-3.76861757],[-52.43279802,-3.76867763],[-52.4309891,-3.76927868],[-52.43016619,-3.77003557],[-52.42974035,-3.77063176],[-52.42943797,-3.77155573],[-52.42947268,-3.77180253],[-52.43013602,-3.77320719],[-52.43203313,-3.77645584],[-52.43260417,-3.77835435],[-52.43267281,-3.77943812],[-52.43260607,-3.77988147],[-52.43135265,-3.78232802],[-52.43009533,-3.78344168],[-52.42848563,-3.78455798],[-52.42848563,-3.78455798],[-52.42801616,-3.7856736],[-52.42696326,-3.78727572],[-52.42669048,-3.78809805],[-52.42676462,-3.78888931],[-52.42742989,-3.7907933],[-52.42775853,-3.79288336],[-52.42777448,-3.79420307],[-52.42730691,-3.79577667],[-52.42592599,-3.79827111],[-52.42376476,-3.79997693],[-52.4227348,-3.80257397],[-52.42199363,-3.803169],[-52.42145069,-3.80339896],[-52.42094325,-3.8034275],[-52.42039945,-3.80328685],[-52.42039945,-3.80328685],[-52.42048171,-3.80405503],[-52.42009679,-3.8053668],[-52.41988785,-3.80664598],[-52.42112453,-3.80913153],[-52.42246803,-3.81045161],[-52.42280626,-3.81096733],[-52.42300481,-3.81145845],[-52.42344133,-3.81312574],[-52.42385651,-3.81403373],[-52.42414652,-3.81503982],[-52.42427542,-3.81626455],[-52.42424173,-3.81756632],[-52.42469698,-3.82001272],[-52.42486691,-3.82040249],[-52.42524864,-3.82083351],[-52.42619918,-3.821571],[-52.42619918,-3.821571],[-52.42622166,-3.8225732],[-52.42576182,-3.82596118],[-52.42593427,-3.82756856],[-52.42486019,-3.82989156],[-52.42465631,-3.83014129],[-52.42406589,-3.83052553],[-52.42239584,-3.83129818],[-52.42161139,-3.83175611],[-52.42098649,-3.8322947],[-52.42120651,-3.83284421],[-52.42125842,-3.83335025],[-52.42109299,-3.83389894],[-52.42025717,-3.83540829],[-52.41972766,-3.83805019],[-52.41973684,-3.83823618],[-52.41995334,-3.83863638],[-52.42085774,-3.83974266],[-52.42124235,-3.84041167],[-52.421285,-3.84304603],[-52.42072324,-3.8444807],[-52.42072324,-3.8444807],[-52.41981953,-3.84526561],[-52.41734303,-3.84570998],[-52.41718226,-3.845716],[-52.4167281,-3.84545699],[-52.41639251,-3.84543649],[-52.41586246,-3.84593869],[-52.41537635,-3.84613557],[-52.41510661,-3.84607863],[-52.41282505,-3.84487736],[-52.41242027,-3.84499388],[-52.41219157,-3.8452535],[-52.41194254,-3.84576711],[-52.411631,-3.84688253],[-52.41030642,-3.84929501],[-52.40883665,-3.850074],[-52.40818086,-3.85075114],[-52.40791177,-3.85157405],[-52.40803882,-3.85344184],[-52.40803882,-3.85344184],[-52.40786399,-3.85538521],[-52.4076298,-3.85624069],[-52.40679348,-3.85769727],[-52.40598458,-3.85889297],[-52.4054311,-3.8593677],[-52.4050792,-3.85957187],[-52.40424791,-3.86045307],[-52.40269157,-3.8624147],[-52.40206422,-3.86307962],[-52.40155665,-3.86380949],[-52.40111876,-3.86468055],[-52.39969646,-3.86683478],[-52.39892583,-3.8677241],[-52.39892583,-3.8677241],[-52.39818233,-3.86944176],[-52.39761892,-3.87248212],[-52.39758373,-3.87308583],[-52.39768395,-3.87451878],[-52.3987051,-3.87692535],[-52.39925277,-3.87742953],[-52.40005564,-3.87774086],[-52.40448421,-3.87867971],[-52.40601089,-3.87922754],[-52.40741572,-3.88163536],[-52.40796672,-3.88382854],[-52.40797911,-3.88440575],[-52.40779794,-3.88498412],[-52.40759481,-3.88710153],[-52.40759481,-3.88710153],[-52.40802959,-3.88770751],[-52.40991389,-3.88904932],[-52.41249898,-3.89052902],[-52.41355214,-3.8908156],[-52.41355214,-3.8908156],[-52.41403589,-3.89146694],[-52.4142655,-3.89192512],[-52.41438804,-3.89243861],[-52.41433978,-3.89288944],[-52.41328398,-3.89547681],[-52.41242985,-3.89643416],[-52.41151971,-3.89769476],[-52.41058514,-3.90012076],[-52.41042038,-3.90093928],[-52.41075109,-3.90237866],[-52.41046727,-3.90299084],[-52.40969757,-3.90344107],[-52.40931454,-3.90387654],[-52.4089937,-3.9049883],[-52.40897716,-3.90645308],[-52.40838586,-3.90825765],[-52.40825908,-3.9089814],[-52.40784917,-3.91098],[-52.34594861,-3.91762333],[-52.34554694,-3.91582444],[-52.34388639,-3.91535778],[-52.34278667,-3.91517917],[-52.34083639,-3.91568417],[-52.34005194,-3.91568417],[-52.33949722,-3.91607194],[-52.33834833,-3.91637778],[-52.33744306,-3.91621722],[-52.3367125,-3.91654472],[-52.33625944,-3.91742694],[-52.33537972,-3.91746194],[-52.3344,-3.91848806],[-52.33336278,-3.91883694],[-52.33238306,-3.91879333],[-52.33149083,-3.91882417],[-52.33065056,-3.91912333],[-52.32965583,-3.91898833],[-52.32812423,-3.91901157],[-52.32673021,-3.91865315],[-52.32250361,-3.91558249],[-52.32170689,-3.91539603],[-52.32053176,-3.91528967],[-52.31915039,-3.91528419],[-52.31829482,-3.91586844],[-52.31713545,-3.91628663],[-52.31404168,-3.91580022],[-52.31203318,-3.9159393],[-52.30822707,-3.91597562],[-52.30783389,-3.91585162],[-52.30710292,-3.91524352],[-52.30555021,-3.91289612],[-52.30498556,-3.91183968],[-52.30462777,-3.91138627],[-52.30170762,-3.90908807],[-52.29979663,-3.90835706],[-52.29979663,-3.90835706],[-52.29916516,-3.9084709],[-52.29859344,-3.90843152],[-52.29669829,-3.90657899],[-52.29626552,-3.90574388],[-52.29577527,-3.90439211],[-52.29500781,-3.9006716],[-52.29470606,-3.90019773],[-52.29207267,-3.89944489],[-52.29131944,-3.89950351],[-52.29082578,-3.89972445],[-52.2905012,-3.90020506],[-52.28934965,-3.90247524],[-52.28885691,-3.90323854],[-52.28821437,-3.90509333],[-52.28699597,-3.90732484],[-52.28685983,-3.90795937],[-52.28664531,-3.90845805],[-52.28645444,-3.90877666],[-52.28645444,-3.90877666],[-52.28661598,-3.90883047],[-52.28682541,-3.90892024],[-52.28704109,-3.90918117],[-52.2872522,-3.91043109],[-52.28683462,-3.91117651],[-52.28646811,-3.91183072],[-52.2855503,-3.91265418],[-52.28494153,-3.91374606],[-52.2842012,-3.91551311],[-52.28411677,-3.91674159],[-52.28364089,-3.91788122],[-52.28326583,-3.921398],[-52.28326583,-3.921398],[-52.28289163,-3.92211954],[-52.28279847,-3.92300644],[-52.28340981,-3.9248951],[-52.28407873,-3.92737561],[-52.28429729,-3.93029741],[-52.28375974,-3.93351556],[-52.28313049,-3.9352248],[-52.28138661,-3.93851244],[-52.28138661,-3.93851244],[-52.2806877,-3.93895942],[-52.28011068,-3.93918277],[-52.27581378,-3.93886261],[-52.27336918,-3.93894599],[-52.27019115,-3.93884226],[-52.26927458,-3.93901449],[-52.26836805,-3.93960146],[-52.26604438,-3.94220321],[-52.2645468,-3.94340494],[-52.26403912,-3.9439693],[-52.26256234,-3.94600233],[-52.26223791,-3.94660836],[-52.26223791,-3.94660836],[-52.26164818,-3.94741916],[-52.26130861,-3.94822484],[-52.2606645,-3.95147399],[-52.26038956,-3.9521646],[-52.25981801,-3.9530236],[-52.25908242,-3.95351298],[-52.25612546,-3.95447215],[-52.25469597,-3.95436196],[-52.25076195,-3.95321423],[-52.24959117,-3.95348846],[-52.24901589,-3.95403779],[-52.24889775,-3.95436127],[-52.24889467,-3.9547629],[-52.24981364,-3.95784001],[-52.24995169,-3.95878018],[-52.24988175,-3.95939864],[-52.24969818,-3.95983622],[-52.24935098,-3.96029646],[-52.24654459,-3.96292343],[-52.24654459,-3.96292343],[-52.24558792,-3.9633057],[-52.24481571,-3.96347526],[-52.24152195,-3.96312256],[-52.24046351,-3.96318977],[-52.23989752,-3.96338539],[-52.2390891,-3.96409636],[-52.23735178,-3.96610005],[-52.2364925,-3.96656006],[-52.23257713,-3.96794402],[-52.23201611,-3.96828597],[-52.2313278,-3.96898166],[-52.23066745,-3.97004264],[-52.22944509,-3.97290014],[-52.22869666,-3.97396387],[-52.22804996,-3.97454971],[-52.22744077,-3.974931],[-52.22678648,-3.97519738],[-52.22623072,-3.97528523],[-52.22623072,-3.97528523],[-52.22556553,-3.97545672],[-52.22445122,-3.97531272],[-52.2224118,-3.9730302],[-52.22168952,-3.97253094],[-52.2212533,-3.97243276],[-52.21974788,-3.97265585],[-52.21951309,-3.97255718],[-52.21744352,-3.97082173],[-52.21662843,-3.96903686],[-52.21523442,-3.96697622],[-52.21461778,-3.96633021],[-52.21402149,-3.96586539],[-52.21347948,-3.96566304],[-52.21241263,-3.96565802],[-52.21126287,-3.96676652],[-52.20895199,-3.96916042],[-52.20545389,-3.97268078],[-52.20274966,-3.97538177],[-52.20217095,-3.97603147],[-52.20003724,-3.9743555],[-52.19953276,-3.97416669],[-52.19906634,-3.97409703],[-52.19821471,-3.97413645],[-52.19724511,-3.97436162],[-52.19455272,-3.97270186],[-52.19422099,-3.97270516],[-52.19378783,-3.97284266],[-52.19333507,-3.97310186],[-52.19281857,-3.97356987],[-52.19082351,-3.97582239],[-52.19019208,-3.97737169],[-52.18958949,-3.97800866],[-52.18958949,-3.97800866],[-52.18717679,-3.97847207],[-52.18621662,-3.97824727],[-52.1857355,-3.97794527],[-52.18479556,-3.97765662],[-52.18263656,-3.97750351],[-52.1793198,-3.97680226],[-52.1782817,-3.97675029],[-52.17796672,-3.97681416],[-52.17760946,-3.97703142],[-52.17651438,-3.97858864],[-52.1758545,-3.97910587],[-52.1758545,-3.97910587],[-52.17523436,-3.97951969],[-52.17401734,-3.97992327],[-52.17252861,-3.98055121],[-52.1707287,-3.98170422],[-52.1707287,-3.98170422],[-52.16925535,-3.98116765],[-52.16860827,-3.98118615],[-52.16829847,-3.98130939],[-52.16829847,-3.98130939],[-52.16743283,-3.98168846],[-52.16691551,-3.98171983],[-52.16615525,-3.98153937],[-52.16570695,-3.98129913],[-52.16251025,-3.97898508],[-52.16175567,-3.97878129],[-52.16087113,-3.97884091],[-52.15967599,-3.9791887],[-52.15843587,-3.98083005],[-52.15762661,-3.98171216],[-52.15650698,-3.98268208],[-52.15571067,-3.98308464],[-52.15490793,-3.98320406],[-52.15417313,-3.98302704],[-52.15261367,-3.9824121],[-52.15160585,-3.98174976],[-52.15112818,-3.98094955],[-52.15071205,-3.98052476],[-52.15012792,-3.98021226],[-52.14720149,-3.97933318],[-52.14720149,-3.97933318],[-52.14631142,-3.9791452],[-52.14577246,-3.97872801],[-52.14380047,-3.97635427],[-52.14325137,-3.97587453],[-52.14248664,-3.97551162],[-52.14183945,-3.9754318],[-52.14130974,-3.97525795],[-52.14200758,-3.97643637],[-52.14258093,-3.97710695],[-52.14408457,-3.97989769],[-52.14425908,-3.9805893],[-52.14440433,-3.98180876],[-52.1460917,-3.98543837],[-52.1463259,-3.98624291],[-52.146399,-3.98713863],[-52.1475068,-3.99070585],[-52.14802005,-3.99146907],[-52.1509069,-3.99461571],[-52.1519152,-3.99539067],[-52.15687752,-3.99835268],[-52.15863902,-3.99981921],[-52.15885338,-4.00004286],[-52.15927899,-4.00039465],[-52.1595855,-4.00053342],[-52.16018647,-4.00068724],[-52.16079114,-4.00091431],[-52.16173118,-4.00136794],[-52.1620694,-4.00170575],[-52.16236178,-4.00209879],[-52.16263471,-4.00275959],[-52.16279511,-4.00345312],[-52.1628403,-4.00420107],[-52.16275469,-4.00480721],[-52.16265333,-4.00510313],[-52.16231384,-4.00642599],[-52.16178116,-4.00807475],[-52.1618163,-4.00872052],[-52.16204622,-4.00953062],[-52.16247893,-4.01044355],[-52.16266236,-4.01149532],[-52.16266277,-4.01178295],[-52.16255278,-4.0123448],[-52.16217595,-4.01337918],[-52.16194481,-4.01425235],[-52.16186184,-4.01481507],[-52.16193463,-4.01597092],[-52.16211887,-4.0169629],[-52.16230168,-4.01757589],[-52.16264426,-4.01843739],[-52.16299188,-4.02031102],[-52.16305188,-4.02133483],[-52.16303091,-4.02179344],[-52.16287996,-4.0226873],[-52.16282403,-4.02389489],[-52.16280122,-4.02407953],[-52.16243348,-4.0253526],[-52.16218519,-4.02620319],[-52.16216028,-4.02641488],[-52.16183856,-4.02693633],[-52.16094919,-4.02793526],[-52.16062024,-4.02843592],[-52.15946665,-4.03112575],[-52.15900272,-4.03171796],[-52.15797626,-4.03259408],[-52.15754191,-4.03308494],[-52.15727491,-4.03344079],[-52.15689462,-4.03394333],[-52.15576975,-4.03593665],[-52.15557737,-4.03620013],[-52.15506839,-4.03741923],[-52.15378762,-4.04000612],[-52.15354497,-4.04038455],[-52.15343721,-4.04061535],[-52.15317724,-4.04085813],[-52.15251101,-4.04164238],[-52.15176343,-4.04229378],[-52.15071773,-4.04295646],[-52.14955379,-4.04345017],[-52.14884454,-4.04381478],[-52.14678141,-4.0454015],[-52.14620302,-4.04595497],[-52.14521503,-4.04731313],[-52.14492761,-4.04788962],[-52.1447797,-4.04839545],[-52.14481137,-4.0491371],[-52.14502929,-4.05037958],[-52.14524479,-4.05118338],[-52.14537486,-4.05144279],[-52.14543408,-4.05255796],[-52.14504715,-4.05475556],[-52.14443543,-4.05722663],[-52.14436446,-4.05800099],[-52.14443965,-4.0589479],[-52.14471157,-4.0601505],[-52.14528642,-4.06155529],[-52.14542091,-4.06175047],[-52.14580668,-4.06257212],[-52.14618253,-4.06401789],[-52.14625736,-4.06470521],[-52.14625821,-4.06530489],[-52.14618089,-4.06604217],[-52.14601593,-4.06659597],[-52.14580041,-4.06705757],[-52.14433876,-4.06916624],[-52.14380225,-4.07004347],[-52.14311603,-4.07142744],[-52.14275697,-4.07294843],[-52.14259888,-4.07326071],[-52.14223103,-4.07365469],[-52.14143079,-4.07403563],[-52.14039903,-4.07439438],[-52.13903725,-4.07515971],[-52.13874572,-4.07537902],[-52.13836076,-4.07578026],[-52.13800566,-4.07628096],[-52.13736899,-4.07703893],[-52.13710939,-4.07755849],[-52.13689252,-4.07834933],[-52.13680929,-4.07937607],[-52.13689047,-4.08009323],[-52.13732915,-4.08137972],[-52.13757755,-4.08187142],[-52.13799094,-4.08246238],[-52.13897317,-4.08338449],[-52.13980986,-4.08393143],[-52.14057958,-4.08425686],[-52.14163308,-4.08460993],[-52.14205945,-4.0848273],[-52.14250101,-4.08495783],[-52.14298338,-4.08528186],[-52.14354259,-4.08579663],[-52.14427698,-4.08662049],[-52.14477112,-4.08764666],[-52.14557953,-4.08669782],[-52.14827216,-4.08331745],[-52.15093646,-4.07997572],[-52.15377705,-4.07646602],[-52.15673309,-4.07280358],[-52.15956742,-4.06926877],[-52.1624074,-4.06574051],[-52.16465881,-4.06294679],[-52.16517112,-4.06226998],[-52.16721357,-4.06318176],[-52.16816234,-4.0633848],[-52.16983403,-4.06395944],[-52.17121223,-4.064634],[-52.17306114,-4.06573208],[-52.1742175,-4.06622335],[-52.17550863,-4.06648015],[-52.17695264,-4.06656668],[-52.17732973,-4.0666525],[-52.17770681,-4.06673833],[-52.17781262,-4.06703123],[-52.17791507,-4.06748514],[-52.17813311,-4.06938697],[-52.17866092,-4.07122865],[-52.17885427,-4.07163539],[-52.17915887,-4.07235764],[-52.17967174,-4.07321435],[-52.18039562,-4.07423084],[-52.18099892,-4.07471566],[-52.18128284,-4.07484188],[-52.18216776,-4.07510559],[-52.18288764,-4.07523116],[-52.18459384,-4.07535708],[-52.18574097,-4.07568734],[-52.18688391,-4.07623015],[-52.18802897,-4.07698913],[-52.18803438,-4.07699274],[-52.18849714,-4.07744973],[-52.18996928,-4.07889474],[-52.190277,-4.07927507],[-52.19058583,-4.07980374],[-52.19087147,-4.08048711],[-52.19138079,-4.08136371],[-52.19175979,-4.08188775],[-52.1926377,-4.08289495],[-52.19329069,-4.0834629],[-52.1936369,-4.08368037],[-52.19448689,-4.08407888],[-52.19537367,-4.08437595],[-52.19639683,-4.08491531],[-52.19675573,-4.08518431],[-52.19706878,-4.08551669],[-52.19771503,-4.08640394],[-52.19845994,-4.08760308],[-52.19907605,-4.08881055],[-52.19939099,-4.08980501],[-52.19940808,-4.09039381],[-52.19930894,-4.09096198],[-52.19896794,-4.0918308],[-52.19857182,-4.09258121],[-52.19841913,-4.09348141],[-52.19847903,-4.0943858],[-52.1987427,-4.09543009],[-52.19917568,-4.09644699],[-52.19944628,-4.09729771],[-52.19962095,-4.09845428],[-52.19952032,-4.09922958],[-52.19938109,-4.09949028],[-52.1986274,-4.10026927],[-52.19791286,-4.10132407],[-52.19766914,-4.10158493],[-52.19602979,-4.10283016],[-52.19521765,-4.10367708],[-52.19473777,-4.10443576],[-52.19432676,-4.10547563],[-52.19410461,-4.10631171],[-52.19407874,-4.1070869],[-52.19421128,-4.10778044],[-52.19459943,-4.1089358],[-52.19474501,-4.11051572],[-52.19499287,-4.11182052],[-52.1951546,-4.11215214],[-52.19611261,-4.11247089],[-52.19627772,-4.11264882],[-52.19646646,-4.11297144],[-52.19648784,-4.1134137],[-52.19642087,-4.11380816],[-52.196069,-4.1146363],[-52.19564072,-4.11497251],[-52.19524191,-4.11512958],[-52.19363515,-4.11529209],[-52.1931795,-4.11539136],[-52.19294189,-4.11552559],[-52.19277761,-4.115903],[-52.19276868,-4.1165651],[-52.19290033,-4.11725774],[-52.19327644,-4.1181879],[-52.19356917,-4.11876995],[-52.19426707,-4.1198371],[-52.1952281,-4.12096446],[-52.19542317,-4.12130244],[-52.1955941,-4.12175443],[-52.19587329,-4.12292532],[-52.19607748,-4.12453862],[-52.19630748,-4.12533422],[-52.19636742,-4.12566065],[-52.19736336,-4.12843954],[-52.19775559,-4.12989518],[-52.19784199,-4.13104465],[-52.19772552,-4.13207051],[-52.19754354,-4.13265961],[-52.19735621,-4.13388276],[-52.19718479,-4.13430903],[-52.19661023,-4.13561417],[-52.19643905,-4.1361933],[-52.19614073,-4.13849568],[-52.19612946,-4.14058768],[-52.19621434,-4.141322],[-52.19643636,-4.14220535],[-52.19686326,-4.14334526],[-52.19724271,-4.14407822],[-52.19763249,-4.14509699],[-52.19772003,-4.14580145],[-52.19770638,-4.14630889],[-52.19756318,-4.14752383],[-52.19749989,-4.14796713],[-52.19737561,-4.1485896],[-52.19697692,-4.15003196],[-52.19689347,-4.15084703],[-52.19702561,-4.15185443],[-52.19730009,-4.15287156],[-52.19743722,-4.15360579],[-52.19783779,-4.15460374],[-52.19864232,-4.15585523],[-52.19913605,-4.15709543],[-52.19923734,-4.15795544],[-52.19953888,-4.15898519],[-52.19975592,-4.15953841],[-52.20014969,-4.16020803],[-52.20075973,-4.16091622],[-52.20106102,-4.1611871],[-52.20153341,-4.16142064],[-52.20184149,-4.16147263],[-52.20240439,-4.16138946],[-52.20276,-4.16124511],[-52.2031425,-4.16101116],[-52.2037993,-4.16048013],[-52.20425839,-4.16025692],[-52.20483389,-4.1601674],[-52.20572038,-4.16021579],[-52.2065426,-4.16064506],[-52.20688445,-4.16093036],[-52.20720482,-4.16131065],[-52.20769248,-4.16210585],[-52.20801014,-4.16247439],[-52.20840881,-4.16280391],[-52.20904271,-4.16320091],[-52.20930682,-4.16331085],[-52.20963119,-4.16335467],[-52.2103085,-4.16328218],[-52.21091539,-4.16309673],[-52.21158518,-4.16282073],[-52.21287949,-4.16210329],[-52.21500344,-4.16078851],[-52.21595225,-4.1603529],[-52.21681043,-4.16015077],[-52.21753481,-4.16022382],[-52.21801483,-4.16073139],[-52.21862909,-4.16183572],[-52.21920365,-4.16230968],[-52.21974167,-4.16303514],[-52.21990713,-4.16343105],[-52.21999513,-4.16383702],[-52.22007407,-4.1642005],[-52.2204247,-4.16491811],[-52.22087334,-4.16552341],[-52.22141288,-4.16606345],[-52.22197387,-4.16649763],[-52.22238231,-4.16673126],[-52.22299343,-4.16696276],[-52.22416577,-4.16725127],[-52.22479044,-4.16750264],[-52.22499335,-4.16764433],[-52.22618513,-4.16879206],[-52.22696859,-4.16977852],[-52.22799349,-4.17077275],[-52.22849752,-4.17107406],[-52.22983516,-4.17158389],[-52.23037533,-4.17194755],[-52.23083831,-4.17249403],[-52.23236281,-4.17498609],[-52.23162201,-4.17478374],[-52.23114749,-4.17493011],[-52.23064384,-4.1754555],[-52.23025999,-4.17597979],[-52.22975625,-4.17644729],[-52.22910313,-4.17702537],[-52.2286307,-4.17735172],[-52.22809799,-4.17773154],[-52.2277481,-4.17808121],[-52.22754082,-4.17860613],[-52.22725625,-4.18040287],[-52.22720614,-4.18062274],[-52.22701745,-4.18093689],[-52.226863,-4.18125731],[-52.22634143,-4.18185056],[-52.22471465,-4.18253056],[-52.22434523,-4.18248501],[-52.2234685,-4.18235795],[-52.22151171,-4.18227418],[-52.22044407,-4.18213022],[-52.21941286,-4.18172391],[-52.21848598,-4.18120076],[-52.21795083,-4.18059016],[-52.21802927,-4.18005187],[-52.21829607,-4.17956304],[-52.21798641,-4.17913299],[-52.21706692,-4.1787274],[-52.21561206,-4.17873599],[-52.21513913,-4.1787512],[-52.21401331,-4.17890671],[-52.21333217,-4.17943236],[-52.21241253,-4.17952062],[-52.2104245,-4.17844646],[-52.20879244,-4.17745857],[-52.20760584,-4.17734372],[-52.20674331,-4.17765981],[-52.20491024,-4.17894971],[-52.20390218,-4.17895126],[-52.2027454,-4.17889515],[-52.20096795,-4.17945143],[-52.19937407,-4.1792784],[-52.19834371,-4.17876804],[-52.19766017,-4.17772078],[-52.19656231,-4.17731454],[-52.19507903,-4.17641413],[-52.19440192,-4.17603799],[-52.19409382,-4.17603303],[-52.19389235,-4.17624137],[-52.19374522,-4.17664952],[-52.19366441,-4.17741845],[-52.19362816,-4.17787256],[-52.19365837,-4.17819271],[-52.19365872,-4.17842606],[-52.19359979,-4.17877528],[-52.19345168,-4.17912555],[-52.1929485,-4.17938862],[-52.19244402,-4.17938938],[-52.19185174,-4.17971047],[-52.19072035,-4.17977551],[-52.19039913,-4.18003287],[-52.19022202,-4.1802665],[-52.19032517,-4.18056754],[-52.19048946,-4.1807907],[-52.19069745,-4.18131408],[-52.19078716,-4.18166398],[-52.19058036,-4.1819266],[-52.19034267,-4.18201379],[-52.18995769,-4.18181087],[-52.18945281,-4.18154933],[-52.18856305,-4.18114276],[-52.18786647,-4.18100633],[-52.18592836,-4.18076777],[-52.1850097,-4.18091479],[-52.18406179,-4.18138294],[-52.18329135,-4.18184992],[-52.18278691,-4.18187963],[-52.18204587,-4.18153161],[-52.18154017,-4.18071652],[-52.18143052,-4.18028796],[-52.18060123,-4.17996088],[-52.1789412,-4.18013795],[-52.17781453,-4.18034316],[-52.17662852,-4.18063619],[-52.17597677,-4.18095826],[-52.17476744,-4.18125133],[-52.17447041,-4.18142634],[-52.17367096,-4.18177667],[-52.17343386,-4.18166125],[-52.17328478,-4.18136932],[-52.17310541,-4.18070027],[-52.17274879,-4.1801762],[-52.17251122,-4.17973968],[-52.17249947,-4.17971437],[-52.17132554,-4.17965101],[-52.1706139,-4.17968101],[-52.16862857,-4.1804121],[-52.16815442,-4.18082074],[-52.1675333,-4.1817542],[-52.16703015,-4.18265764],[-52.16646814,-4.18335765],[-52.16578656,-4.18362097],[-52.16516432,-4.18379646],[-52.16471955,-4.18397169],[-52.16424505,-4.18414787],[-52.16412755,-4.18449718],[-52.16444358,-4.18499238],[-52.16432137,-4.18520059],[-52.16419002,-4.18531928],[-52.16404015,-4.18570934],[-52.16387832,-4.18592847],[-52.16376148,-4.18611678],[-52.16359624,-4.18646707],[-52.16362639,-4.18675827],[-52.16422029,-4.18751445],[-52.16478596,-4.18867941],[-52.16517204,-4.18901893],[-52.16535008,-4.18939764],[-52.16538028,-4.18971779],[-52.16511151,-4.19011798],[-52.16470008,-4.19091365],[-52.1640571,-4.19169157],[-52.16275305,-4.19198476],[-52.16227872,-4.19227671],[-52.16195299,-4.1925395],[-52.16180759,-4.19291237],[-52.16195934,-4.19500968],[-52.16210829,-4.19582531],[-52.16273308,-4.1967533],[-52.16288224,-4.19771184],[-52.16297238,-4.19835209],[-52.16288401,-4.19890578],[-52.16252876,-4.19931423],[-52.16199629,-4.19989119],[-52.16152234,-4.20044545],[-52.16143388,-4.20094125],[-52.16145159,-4.20134372],[-52.16134697,-4.20187301],[-52.16111047,-4.20277696],[-52.16054827,-4.20336029],[-52.16031155,-4.20350627],[-52.16006223,-4.2036595],[-52.15968998,-4.20414758],[-52.15963211,-4.20522583],[-52.15969226,-4.20569155],[-52.15937593,-4.2068335],[-52.15873923,-4.20759966],[-52.1585984,-4.20801774],[-52.15854324,-4.20909418],[-52.15853453,-4.20929951],[-52.15842256,-4.20973655],[-52.15830536,-4.21029028],[-52.1580384,-4.21069861],[-52.1571202,-4.21119474],[-52.15593491,-4.21140092],[-52.15409904,-4.21152033],[-52.15344631,-4.2112002],[-52.15303013,-4.21061832],[-52.15258478,-4.21041547],[-52.15232722,-4.21047916],[-52.15208586,-4.21053741],[-52.15190597,-4.21073395],[-52.15139407,-4.21306651],[-52.15131318,-4.21441968],[-52.15122569,-4.21496431],[-52.1510066,-4.2154585],[-52.15093651,-4.21680812],[-52.15090776,-4.21686062],[-52.15084837,-4.21691226],[-52.15073582,-4.21695766],[-52.15064032,-4.21695418],[-52.14972113,-4.21678097],[-52.14954631,-4.21674867],[-52.14928682,-4.21673458],[-52.14900491,-4.21678565],[-52.14862412,-4.21698701],[-52.14776447,-4.21748305],[-52.1468839,-4.21778103],[-52.14675075,-4.21791147],[-52.14612731,-4.21790787],[-52.14592098,-4.2178928],[-52.14583098,-4.21795715],[-52.14568385,-4.21837977],[-52.14558035,-4.21845228],[-52.14513564,-4.2186863],[-52.14495755,-4.21889008],[-52.14486926,-4.21889021],[-52.14475028,-4.21884697],[-52.14463114,-4.21870152],[-52.14450177,-4.21833267],[-52.14430874,-4.21817286],[-52.14418079,-4.21816039],[-52.14412142,-4.21821836],[-52.14400262,-4.21830627],[-52.14394355,-4.21856867],[-52.14397372,-4.21887435],[-52.14395942,-4.21894673],[-52.14387027,-4.21897671],[-52.14341093,-4.21906422],[-52.14303979,-4.21909461],[-52.14229824,-4.21902968],[-52.14158702,-4.21937986],[-52.14083657,-4.21939272],[-52.14039782,-4.21939337],[-52.13953253,-4.22035251],[-52.13946888,-4.22057059],[-52.13954249,-4.22100464],[-52.13924724,-4.221792],[-52.13877304,-4.22220062],[-52.13770604,-4.22261012],[-52.13726107,-4.22266866],[-52.13672819,-4.22299055],[-52.13635617,-4.22303903],[-52.13584547,-4.22374077],[-52.13537106,-4.22400377],[-52.13427458,-4.22458788],[-52.1336821,-4.22482211],[-52.13273389,-4.22514369],[-52.1319336,-4.22558264],[-52.13126234,-4.22616251],[-52.13022259,-4.22735255],[-52.13016447,-4.22828427],[-52.13010581,-4.22883792],[-52.12968845,-4.22929892],[-52.12942533,-4.22988814],[-52.12831368,-4.23121396],[-52.12693712,-4.23251394],[-52.12587022,-4.23301026],[-52.12551456,-4.2331564],[-52.12515865,-4.23312797],[-52.12477363,-4.23353647],[-52.12427102,-4.23423638],[-52.12352979,-4.23441294],[-52.12275955,-4.23508339],[-52.12225582,-4.23563759],[-52.12166387,-4.23624447],[-52.12136707,-4.23653616],[-52.12136761,-4.23691424],[-52.12175363,-4.23726373],[-52.12225829,-4.23735073],[-52.1223778,-4.23775849],[-52.1223781,-4.237962],[-52.12231922,-4.23837002],[-52.12217094,-4.23863255],[-52.12142967,-4.23877925],[-52.1209853,-4.23920411],[-52.12095598,-4.23955058],[-52.12101589,-4.24110896],[-52.12094359,-4.24157941],[-52.12081701,-4.24189256],[-52.12062459,-4.24216238],[-52.12042724,-4.24269723],[-52.12007123,-4.24323141],[-52.119823,-4.24353478],[-52.11959837,-4.24395208],[-52.11948072,-4.24421366],[-52.11933621,-4.24459648],[-52.11932251,-4.24571628],[-52.11933496,-4.2462246],[-52.11912874,-4.24692408],[-52.11826921,-4.24753678],[-52.11732035,-4.24806277],[-52.11637247,-4.24864665],[-52.11569128,-4.24923105],[-52.11495063,-4.24981462],[-52.11448249,-4.25007128],[-52.11388003,-4.25027024],[-52.1129998,-4.25027694],[-52.11190117,-4.24940477],[-52.1112181,-4.24867672],[-52.11057335,-4.24765826],[-52.11009815,-4.24675624],[-52.10908903,-4.24672785],[-52.10811042,-4.24661348],[-52.1059647,-4.24561164],[-52.10537072,-4.24544245],[-52.10466778,-4.24530687],[-52.10324795,-4.2453677],[-52.10224068,-4.24600954],[-52.10129189,-4.2465934],[-52.10110834,-4.24677366],[-52.10035074,-4.24748841],[-52.09915844,-4.24789985],[-52.09835527,-4.2488824],[-52.09750592,-4.24970672],[-52.09617316,-4.25075786],[-52.09594639,-4.25159667],[-52.09553162,-4.25200519],[-52.09516057,-4.25210793],[-52.09468235,-4.25225424],[-52.09399127,-4.2522299],[-52.09363432,-4.25211191],[-52.0923285,-4.25189306],[-52.09194276,-4.25180587],[-52.09132002,-4.25169007],[-52.09063819,-4.25183667],[-52.09010424,-4.25207079],[-52.08976007,-4.2520749],[-52.08936133,-4.25235586],[-52.08913557,-4.25262573],[-52.08883947,-4.25285951],[-52.0884247,-4.25326804],[-52.08792113,-4.25332664],[-52.087357,-4.2532397],[-52.0862001,-4.25321239],[-52.08554812,-4.25344667],[-52.0851113,-4.25355402],[-52.08487908,-4.25371897],[-52.0847008,-4.25380696],[-52.08397665,-4.25397351],[-52.08341395,-4.25426556],[-52.08302853,-4.25441173],[-52.08276188,-4.25444105],[-52.08221883,-4.25461449],[-52.08191355,-4.25472074],[-52.08123099,-4.25499758],[-52.08078221,-4.25557982],[-52.08066102,-4.25589657],[-52.08078432,-4.25709489],[-52.0805938,-4.2574434],[-52.08039935,-4.25756217],[-52.0791829,-4.25747614],[-52.07864871,-4.25689437],[-52.0778176,-4.25660428],[-52.076781,-4.25756724],[-52.07589251,-4.25877874],[-52.07518202,-4.2597123],[-52.0741453,-4.26058751],[-52.07331487,-4.2607931],[-52.07273485,-4.26095401],[-52.07223079,-4.26124597],[-52.07178717,-4.26165453],[-52.07153933,-4.26225457],[-52.07089183,-4.26313829],[-52.0705499,-4.26346259],[-52.07004559,-4.26363786],[-52.06939303,-4.2634642],[-52.0684438,-4.26311638],[-52.06799871,-4.263117],[-52.06740626,-4.26340908],[-52.06698502,-4.26371991],[-52.06654416,-4.26483128],[-52.0660712,-4.26553114],[-52.06545485,-4.26613712],[-52.06507011,-4.26677897],[-52.06488808,-4.26806726],[-52.06495441,-4.26846878],[-52.06465962,-4.26966407],[-52.06442228,-4.27004249],[-52.06368168,-4.27071377],[-52.06288153,-4.27132725],[-52.0620824,-4.27202755],[-52.06131222,-4.27281465],[-52.06066001,-4.2735636],[-52.06001579,-4.27421575],[-52.06000995,-4.27423331],[-52.05832933,-4.27701307],[-52.05801233,-4.27778498],[-52.0574961,-4.28635881],[-52.05722517,-4.28721215],[-52.05695203,-4.28843545],[-52.05691334,-4.28978325],[-52.05698447,-4.29039913],[-52.05698448,-4.29040637],[-52.0569735,-4.29094187],[-52.05674667,-4.29176259],[-52.05632317,-4.29240901],[-52.05559254,-4.29314269],[-52.0552388,-4.29341001],[-52.05432766,-4.29392414],[-52.05282756,-4.29467516],[-52.05259265,-4.29486182],[-52.05160306,-4.29599746],[-52.05158777,-4.29601919],[-52.05122272,-4.29723991],[-52.05096606,-4.29865042],[-52.05102756,-4.29947708],[-52.05130111,-4.30052505],[-52.05130064,-4.30084163],[-52.05111059,-4.30155195],[-52.05071427,-4.30230868],[-52.05048484,-4.30255503],[-52.05002129,-4.30290844],[-52.04967686,-4.30340089],[-52.04928777,-4.30549451],[-52.04916301,-4.30585106],[-52.04891939,-4.30692055],[-52.04821753,-4.30828284],[-52.04798438,-4.30910266],[-52.04798694,-4.30965352],[-52.04813963,-4.30995361],[-52.04842831,-4.31020558],[-52.04877817,-4.31038329],[-52.04896225,-4.31058112],[-52.04902059,-4.3110722],[-52.0488574,-4.31165313],[-52.04872892,-4.31192377],[-52.04817731,-4.31246363],[-52.04723316,-4.31324011],[-52.04707392,-4.31342395],[-52.04691861,-4.31384206],[-52.04686866,-4.31420846],[-52.04687005,-4.31522696],[-52.04707465,-4.31724378],[-52.04724816,-4.31826656],[-52.04723724,-4.31884819],[-52.04713539,-4.3194815],[-52.04713621,-4.32008301],[-52.04719353,-4.32048726],[-52.04726904,-4.32232425],[-52.04733791,-4.32260908],[-52.04746074,-4.32543466],[-52.04763422,-4.32643664],[-52.04796685,-4.32718785],[-52.04917137,-4.32834216],[-52.04965799,-4.3290226],[-52.04986986,-4.32975949],[-52.04984181,-4.33032658],[-52.04982778,-4.33060701],[-52.04972859,-4.33120956],[-52.04936279,-4.33189208],[-52.04916251,-4.33302845],[-52.04917035,-4.33348794],[-52.04962663,-4.33438098],[-52.05001638,-4.33473139],[-52.05134935,-4.3349213],[-52.05186985,-4.33533575],[-52.05197044,-4.33574717],[-52.05158905,-4.33753686],[-52.05102961,-4.33893694],[-52.05083669,-4.34018184],[-52.05092844,-4.34136574],[-52.05012577,-4.34281772],[-52.04960702,-4.34431906],[-52.04954267,-4.34470267],[-52.04979098,-4.34637389],[-52.04976246,-4.34725765],[-52.04977479,-4.34770266],[-52.04975878,-4.34849867],[-52.04951619,-4.34901188],[-52.04742836,-4.35033178],[-52.04624782,-4.35092046],[-52.04608584,-4.35108079],[-52.04595575,-4.35149524],[-52.04576147,-4.35175149],[-52.04546879,-4.35187944],[-52.04403904,-4.35210484],[-52.04358523,-4.35236055],[-52.04200529,-4.35344818],[-52.04129108,-4.3543745],[-52.04086903,-4.35479027],[-52.03986229,-4.35530272],[-52.0390837,-4.3559423],[-52.03843319,-4.35600652],[-52.03674207,-4.35489185],[-52.03586387,-4.35451044],[-52.03534397,-4.35454282],[-52.03472719,-4.35489454],[-52.03372175,-4.35630066],[-52.03360673,-4.35719178],[-52.03345108,-4.3573729],[-52.03258199,-4.35838717],[-52.0323576,-4.35904236],[-52.03205545,-4.35950409],[-52.03170269,-4.35985282],[-52.03124536,-4.36017456],[-52.02967312,-4.3609908],[-52.02908273,-4.36154337],[-52.02856394,-4.36239615],[-52.02843038,-4.36291644],[-52.02841767,-4.36350803],[-52.028551,-4.36414011],[-52.02880699,-4.36485253],[-52.02893662,-4.36541769],[-52.0288396,-4.36630246],[-52.02873907,-4.36659295],[-52.02849803,-4.3669361],[-52.0279857,-4.36723801],[-52.02744327,-4.36727041],[-52.02660939,-4.36702914],[-52.02568734,-4.36688568],[-52.02385025,-4.36711885],[-52.02337083,-4.36710232],[-52.02292281,-4.36698986],[-52.02266131,-4.36685815],[-52.02191349,-4.36628389],[-52.02144006,-4.36603579],[-52.02075503,-4.36591009],[-52.01938459,-4.3660413],[-52.01891314,-4.36592435],[-52.01849117,-4.3657413],[-52.01824132,-4.36556526],[-52.01725095,-4.36421251],[-52.0166565,-4.36308626],[-52.01648833,-4.36267493],[-52.01624603,-4.36208097],[-52.01597426,-4.36168154],[-52.01550781,-4.36125975],[-52.01498845,-4.3610316],[-52.01465156,-4.36112884],[-52.01442465,-4.36125669],[-52.01419705,-4.36154464],[-52.0137095,-4.36151274],[-52.01231074,-4.36068516],[-52.01192146,-4.36068569],[-52.01034793,-4.36185104],[-52.01010362,-4.36244385],[-52.00981092,-4.36257178],[-52.00938911,-4.36250813],[-52.00925789,-4.36209402],[-52.00928829,-4.36056169],[-52.00902842,-4.36030606],[-52.00857336,-4.36030667],[-52.00795694,-4.3609461],[-52.00688613,-4.36209721],[-52.00578116,-4.36264051],[-52.0054892,-4.3626409],[-52.00479029,-4.36224294],[-52.00408998,-4.36146235],[-52.00363321,-4.36018575],[-52.00353492,-4.3594523],[-52.00329473,-4.35840607],[-52.0032652,-4.35787876],[-52.00354154,-4.35697113],[-52.00389921,-4.35555143],[-52.00390517,-4.35529363],[-52.00363912,-4.35444824],[-52.00340891,-4.35412472],[-52.00284613,-4.35376275],[-52.00242946,-4.35349466],[-52.0022418,-4.35332485],[-52.00199802,-4.35296246],[-52.00199564,-4.35252738],[-52.00215263,-4.3519953],[-52.0022659,-4.35111051],[-52.00213618,-4.35045941],[-52.00123165,-4.34855565],[-52.00061549,-4.34761791],[-52.00047191,-4.34745529],[-52.00039468,-4.34738628],[-52.00020332,-4.34706733],[-52.00003417,-4.34658181],[-51.99999388,-4.34649941],[-51.99978209,-4.34606652],[-51.9991328,-4.34500364],[-51.99861199,-4.34434854],[-51.9979209,-4.3437018],[-51.99720668,-4.34328666],[-51.99661354,-4.34313096],[-51.99659552,-4.34312827],[-51.99501559,-4.34290874],[-51.99172997,-4.34276563],[-51.99010865,-4.34259409],[-51.98891515,-4.34226098],[-51.98704269,-4.34159316],[-51.98464982,-4.34057144],[-51.9842667,-4.34045797],[-51.98391621,-4.34048556],[-51.9831614,-4.34072716],[-51.98204755,-4.34136812],[-51.98010842,-4.34280073],[-51.97970772,-4.343031],[-51.97876161,-4.34377758],[-51.97653034,-4.34578585],[-51.97610301,-4.34633094],[-51.97573345,-4.34695374],[-51.97486934,-4.34910406],[-51.97431458,-4.35006179],[-51.9732078,-4.35130969],[-51.97180511,-4.35229474],[-51.97140007,-4.35265527],[-51.97091604,-4.35326375],[-51.97034051,-4.35419166],[-51.97006465,-4.3548071],[-51.9697212,-4.35611914],[-51.96981867,-4.35693944],[-51.97021818,-4.35787875],[-51.97106885,-4.35928965],[-51.97138239,-4.35994775],[-51.97156158,-4.36054633],[-51.97162978,-4.36102294],[-51.97160654,-4.36187505],[-51.97121606,-4.36445532],[-51.97120244,-4.36507857],[-51.97126087,-4.36566826],[-51.97133247,-4.36598657],[-51.97165876,-4.36744608],[-51.9717718,-4.36775891],[-51.97233256,-4.36865097],[-51.9726263,-4.36932447],[-51.97332823,-4.37067224],[-51.9735544,-4.37135669],[-51.97439987,-4.37290507],[-51.974517,-4.37358966],[-51.97488903,-4.37417713],[-51.97539713,-4.37545188],[-51.97589638,-4.37616401],[-51.97637237,-4.37699648],[-51.97717694,-4.37895919],[-51.97752001,-4.38014551],[-51.97792418,-4.38118611],[-51.97822944,-4.38170039],[-51.97885299,-4.38235447],[-51.98005678,-4.38361744],[-51.98082938,-4.3845472],[-51.98114902,-4.38503071],[-51.98138484,-4.38550077],[-51.98217606,-4.38756842],[-51.9823717,-4.38832616],[-51.98298423,-4.39019324],[-51.98326621,-4.39082333],[-51.98362113,-4.39209103],[-51.98355203,-4.39300381],[-51.98309863,-4.39498264],[-51.98304243,-4.39541599],[-51.98285921,-4.39589293],[-51.98221077,-4.39757804],[-51.9821357,-4.39805845],[-51.98220568,-4.39851063],[-51.98245964,-4.39906568],[-51.98334162,-4.40023138],[-51.9834717,-4.40046639],[-51.98356779,-4.40089592],[-51.98354683,-4.40209447],[-51.98338216,-4.40296938],[-51.98320365,-4.40428663],[-51.98322389,-4.40460229],[-51.98329917,-4.40496491],[-51.98359817,-4.40550724],[-51.98429299,-4.40619739],[-51.98487928,-4.40659461],[-51.98542601,-4.40705611],[-51.98700522,-4.40868037],[-51.98869054,-4.41011816],[-51.98921973,-4.41094149],[-51.9893239,-4.41134749],[-51.98933216,-4.41214348],[-51.98942095,-4.41249613],[-51.98934424,-4.41309504],[-51.9895337,-4.41394144],[-51.98955927,-4.41487398],[-51.98937723,-4.41555263],[-51.98912127,-4.416216],[-51.98840454,-4.41737025],[-51.98796811,-4.41786018],[-51.98774075,-4.41835165],[-51.98769663,-4.41905725],[-51.98780632,-4.41954918],[-51.98878373,-4.42197295],[-51.98929751,-4.42272484],[-51.98986313,-4.42315012],[-51.99041053,-4.4234307],[-51.99096335,-4.42371399],[-51.99367118,-4.42485098],[-51.99452525,-4.425322],[-51.99531113,-4.42602106],[-51.99573542,-4.42655869],[-51.99668473,-4.42816568],[-51.99723178,-4.42884968],[-51.99812891,-4.42983803],[-51.99853429,-4.43039016],[-51.99922297,-4.43117527],[-51.99955492,-4.43140367],[-51.99952906,-4.43228382],[-51.99925124,-4.43343567],[-51.99860564,-4.43453374],[-51.99805644,-4.4356127],[-51.99776546,-4.43636928],[-51.99758436,-4.43706873],[-51.99747238,-4.43824388],[-51.99761809,-4.43937345],[-51.99769346,-4.44047146],[-51.99767967,-4.44093641],[-51.99755951,-4.44138794],[-51.99721631,-4.44218077],[-51.99666668,-4.44294495],[-51.99508075,-4.44445315],[-51.99331876,-4.44573997],[-51.99221829,-4.44636287],[-51.99066142,-4.44670688],[-51.99001735,-4.44694021],[-51.98768126,-4.44754668],[-51.98737055,-4.4477081],[-51.98696873,-4.4478009],[-51.98628963,-4.44812835],[-51.9860195,-4.44830781],[-51.98569714,-4.44852262],[-51.98484481,-4.44938127],[-51.98394405,-4.45042088],[-51.98339945,-4.45091097],[-51.9830681,-4.45113755],[-51.982035,-4.45160838],[-51.98045383,-4.45199311],[-51.97906377,-4.45241105],[-51.97860802,-4.45262604],[-51.97819641,-4.45282016],[-51.97640015,-4.45412508],[-51.97556837,-4.45486249],[-51.97463317,-4.45577008],[-51.97387169,-4.4565092],[-51.97282143,-4.45765393],[-51.97100223,-4.45935326],[-51.9697485,-4.46065837],[-51.96808299,-4.46273197],[-51.96762226,-4.46327802],[-51.96701279,-4.46379622],[-51.96689545,-4.46434906],[-51.96683789,-4.46513337],[-51.9668685,-4.46648834],[-51.96680986,-4.46713155],[-51.96645807,-4.46828169],[-51.9660575,-4.46934415],[-51.96475001,-4.47160543],[-51.96411273,-4.47291967],[-51.9636617,-4.4740012],[-51.96316261,-4.47554049],[-51.96276949,-4.47748578],[-51.96248087,-4.4807778],[-51.96257024,-4.48226566],[-51.96282057,-4.48347019],[-51.96314372,-4.4845326],[-51.96325534,-4.48511227],[-51.96329278,-4.48617325],[-51.96335,-4.48650333],[-51.9636311,-4.48711805],[-51.9639399,-4.48754278],[-51.96427469,-4.48785531],[-51.96468825,-4.48844363],[-51.96514377,-4.4894127],[-51.9655408,-4.49044697],[-51.96569861,-4.49119391],[-51.96582691,-4.49143978],[-51.96594537,-4.49173541],[-51.96630939,-4.49302843],[-51.9667118,-4.49403827],[-51.96693545,-4.4948186],[-51.96708158,-4.49559993],[-51.96731969,-4.49641099],[-51.96740596,-4.49689752],[-51.96769265,-4.49763886],[-51.96766952,-4.49787227],[-51.9676869,-4.49806672],[-51.96771773,-4.49820146],[-51.96779101,-4.4984085],[-51.96781098,-4.49851611],[-51.96789012,-4.49906778],[-51.96788678,-4.49995062],[-51.96788653,-4.50000274],[-51.96788467,-4.5004029],[-51.96788552,-4.50044009],[-51.96789137,-4.50069686],[-51.9678477,-4.50107683],[-51.96770815,-4.50187121],[-51.96753334,-4.50258422],[-51.96747268,-4.50306552],[-51.96725327,-4.50481248],[-51.9672545,-4.50643071],[-51.96711229,-4.50726218],[-51.96697153,-4.50986926],[-51.96709263,-4.511481],[-51.967185,-4.5118047],[-51.96727002,-4.51203434],[-51.96747322,-4.51233347],[-51.96762057,-4.51266344],[-51.96780026,-4.51291466],[-51.9692823,-4.51447845],[-51.97013923,-4.51566044],[-51.97115891,-4.5172366],[-51.97149601,-4.51791185],[-51.97176513,-4.51898608],[-51.97176371,-4.51995304],[-51.97167591,-4.52035116],[-51.97143671,-4.52076666],[-51.97113495,-4.52158206],[-51.97113623,-4.52186608],[-51.97113476,-4.52211483],[-51.97120916,-4.52248198],[-51.97136839,-4.52292861],[-51.97232326,-4.52455189],[-51.97294334,-4.52587711],[-51.97303916,-4.52676343],[-51.97293543,-4.52738319],[-51.97214328,-4.52950088],[-51.97111334,-4.53174734],[-51.97083146,-4.53260341],[-51.97077451,-4.53315255],[-51.97097531,-4.53435713],[-51.97133042,-4.53501697],[-51.97183776,-4.53560152],[-51.97274106,-4.53638997],[-51.97355715,-4.53733774],[-51.97401524,-4.53816025],[-51.97416539,-4.53855895],[-51.97422197,-4.53907627],[-51.97406289,-4.54008777],[-51.97331783,-4.54170066],[-51.97285005,-4.54239146],[-51.97145496,-4.54389669],[-51.97107974,-4.54438113],[-51.9708666,-4.54474232],[-51.97056238,-4.54574316],[-51.97054201,-4.54601364],[-51.97062259,-4.54628128],[-51.97085671,-4.54677756],[-51.97139035,-4.54747876],[-51.9721843,-4.54871239],[-51.97241936,-4.54923761],[-51.97270926,-4.5503281],[-51.97276298,-4.55073145],[-51.97284038,-4.55131478],[-51.97282152,-4.55270689],[-51.97294571,-4.55322955],[-51.97388593,-4.55531415],[-51.97476217,-4.5580691],[-51.97543063,-4.55981395],[-51.97641542,-4.56150772],[-51.97669987,-4.56188815],[-51.9774346,-4.56263611],[-51.97890008,-4.56384981],[-51.97920248,-4.56417142],[-51.97942847,-4.5646469],[-51.97965398,-4.56543625],[-51.97988658,-4.56812242],[-51.97991863,-4.56849776],[-51.98026735,-4.57040495],[-51.98093429,-4.57232347],[-51.98130478,-4.57300499],[-51.98213394,-4.57424216],[-51.98339157,-4.57570398],[-51.98444698,-4.57693089],[-51.98488954,-4.57757341],[-51.98588546,-4.57880131],[-51.98749913,-4.58155973],[-51.98808246,-4.58230064],[-51.9899563,-4.58414692],[-51.9910934,-4.58511049],[-51.99141566,-4.58544924],[-51.99373291,-4.58721619],[-51.99477947,-4.58789043],[-51.99550864,-4.58849273],[-51.99607099,-4.58905547],[-51.99626812,-4.58949933],[-51.99651714,-4.5903203],[-51.99692945,-4.59253131],[-51.99738805,-4.5936758],[-51.99776485,-4.59498052],[-51.99793781,-4.59619416],[-51.9978844,-4.59797345],[-51.99803068,-4.59945307],[-51.99828935,-4.60071905],[-51.9987275,-4.60205715],[-51.99904848,-4.6027559],[-51.99981277,-4.60396871],[-51.99999388,-4.60430789],[-52.0003947,-4.60505857],[-52.00078869,-4.60567961],[-52.00112253,-4.6065484],[-52.00202013,-4.60831641],[-52.00269702,-4.61018784],[-52.00333768,-4.61321532],[-52.00343068,-4.61396233],[-52.00365413,-4.61452916],[-52.00386285,-4.6148753],[-52.00582965,-4.61733737],[-52.007739,-4.61932192],[-52.00861934,-4.61964235],[-52.00961301,-4.61990672],[-52.01033062,-4.62006075],[-52.01159249,-4.62011496],[-52.01989246,-4.63685666],[-52.04069818,-4.67770413],[-52.05969485,-4.71495569],[-52.07869296,-4.7522046],[-52.09948563,-4.79304071],[-52.12020994,-4.83373564],[-52.14047958,-4.87352753],[-52.15416302,-4.90040547],[-52.16076863,-4.91338056],[-52.1616103,-4.91503611],[-52.16330718,-4.91501262],[-52.16368174,-4.91416086],[-52.16389831,-4.9137209],[-52.16437333,-4.91255601],[-52.16505175,-4.91113662],[-52.16604713,-4.90999614],[-52.16669369,-4.90895396],[-52.16776825,-4.90770933],[-52.16819599,-4.90736398],[-52.16877701,-4.9070057],[-52.16954389,-4.90670588],[-52.17127655,-4.90639532],[-52.17441403,-4.90601446],[-52.17830837,-4.90528493],[-52.18063267,-4.90503119],[-52.18111496,-4.90494441],[-52.18115643,-4.9049371],[-52.18202365,-4.90478091],[-52.1843023,-4.90421339],[-52.18600483,-4.90370206],[-52.18672917,-4.9033227],[-52.18758756,-4.90276493],[-52.18847002,-4.90205064],[-52.1895511,-4.90095702],[-52.19009411,-4.90002626],[-52.19011299,-4.89999367],[-52.19028347,-4.89900297],[-52.19098858,-4.89693049],[-52.19152741,-4.89618424],[-52.19196345,-4.89595464],[-52.1928846,-4.89570879],[-52.19339598,-4.89525022],[-52.19358559,-4.89488357],[-52.19393789,-4.89371889],[-52.19425315,-4.89300019],[-52.19469899,-4.89219713],[-52.19531097,-4.89151407],[-52.19576867,-4.89078968],[-52.19587861,-4.89024137],[-52.19590566,-4.88973211],[-52.19575994,-4.88841275],[-52.19586018,-4.88798657],[-52.19626261,-4.88711485],[-52.19636031,-4.88678003],[-52.19637618,-4.88555625],[-52.19649424,-4.88501517],[-52.19680563,-4.88416261],[-52.19715364,-4.88362202],[-52.19782718,-4.88308357],[-52.19893722,-4.8820722],[-52.19924766,-4.88170624],[-52.19943002,-4.881317],[-52.19957457,-4.88045388],[-52.19955916,-4.87939116],[-52.19962544,-4.878634],[-52.20009262,-4.87715889],[-52.20046349,-4.87629356],[-52.20092453,-4.87440692],[-52.20111854,-4.87397967],[-52.20112105,-4.87387203],[-52.20115041,-4.87263286],[-52.20088947,-4.87091122],[-52.20107537,-4.86947279],[-52.20139183,-4.86842847],[-52.20168638,-4.8677496],[-52.20310522,-4.86546781],[-52.20333255,-4.86501517],[-52.20356298,-4.86428305],[-52.20366332,-4.86340825],[-52.20367647,-4.86268918],[-52.20347232,-4.86095568],[-52.20324226,-4.86037633],[-52.20284607,-4.85967337],[-52.20284155,-4.85966523],[-52.20224608,-4.85895719],[-52.20166978,-4.85838298],[-52.20079656,-4.85765644],[-52.19951563,-4.85684832],[-52.19921935,-4.85655399],[-52.19901406,-4.85621065],[-52.19895378,-4.85577481],[-52.19896739,-4.85531079],[-52.19928294,-4.85426286],[-52.1992919,-4.85423209],[-52.19945185,-4.85392067],[-52.1998575,-4.85335014],[-52.20028774,-4.85291432],[-52.20069754,-4.85264859],[-52.20188967,-4.85219876],[-52.20210223,-4.8520618],[-52.20244339,-4.8517374],[-52.20278456,-4.85141299],[-52.20341377,-4.85081402],[-52.20389382,-4.84999553],[-52.20436795,-4.84838112],[-52.20463765,-4.84792388],[-52.20528732,-4.8471684],[-52.20555797,-4.84674372],[-52.20570051,-4.84627496],[-52.20591018,-4.84502371],[-52.20629345,-4.84403625],[-52.20742424,-4.84256539],[-52.20839415,-4.84087773],[-52.20899524,-4.84018746],[-52.20902766,-4.84016298],[-52.2093176,-4.83994268],[-52.20975436,-4.83912246],[-52.2102252,-4.8376998],[-52.21038033,-4.83670551],[-52.21039383,-4.83567802],[-52.21045078,-4.8352492],[-52.21073866,-4.83437859],[-52.21111627,-4.83376379],[-52.21147629,-4.83340136],[-52.21169785,-4.83326168],[-52.21209447,-4.83320218],[-52.21455651,-4.83349444],[-52.21499358,-4.83336341],[-52.21535247,-4.83287436],[-52.2155411,-4.83246792],[-52.21567436,-4.83185988],[-52.21573364,-4.83071744],[-52.21558435,-4.82991997],[-52.21529476,-4.82932535],[-52.21404356,-4.82745807],[-52.21371468,-4.82656776],[-52.21343858,-4.82544401],[-52.21317772,-4.82528438],[-52.21248495,-4.82511106],[-52.21203463,-4.82488756],[-52.21144771,-4.82440743],[-52.21069312,-4.82343919],[-52.21033686,-4.8228673],[-52.21012982,-4.82203466],[-52.21013069,-4.82201928],[-52.21044597,-4.81675655],[-52.21058996,-4.8155841],[-52.21086339,-4.81418351],[-52.21094632,-4.81213385],[-52.21072512,-4.81094396],[-52.21072396,-4.81028461],[-52.21082297,-4.80916742],[-52.21073793,-4.80747532],[-52.21053743,-4.80676839],[-52.20969027,-4.80544304],[-52.20961502,-4.8052062],[-52.20947154,-4.80360284],[-52.20899535,-4.80198922],[-52.20890212,-4.80127033],[-52.20898745,-4.80057465],[-52.2092071,-4.79986516],[-52.20945272,-4.79957168],[-52.21064598,-4.79878811],[-52.2112635,-4.79823167],[-52.2117725,-4.79748639],[-52.21218503,-4.79674671],[-52.21246419,-4.79603893],[-52.21257519,-4.7955874],[-52.21246777,-4.79500512],[-52.21210161,-4.79442782],[-52.211434,-4.79367649],[-52.21118791,-4.79319303],[-52.2111421,-4.79277797],[-52.21125447,-4.79208133],[-52.211572,-4.79114645],[-52.21230076,-4.78976676],[-52.21254658,-4.78907079],[-52.2126143,-4.78861663],[-52.21260775,-4.78745622],[-52.21292806,-4.78657108],[-52.21300744,-4.78608253],[-52.21299026,-4.78554169],[-52.212699,-4.78449213],[-52.21261478,-4.78376599],[-52.21282772,-4.78283673],[-52.21278683,-4.78214127],[-52.21156322,-4.77794762],[-52.21144576,-4.77677202],[-52.21145517,-4.77443216],[-52.21174417,-4.77316992],[-52.21207783,-4.77269991],[-52.21274642,-4.77196702],[-52.2130089,-4.77152156],[-52.21319377,-4.77103554],[-52.21328359,-4.77033261],[-52.2131953,-4.76934057],[-52.2131897,-4.76820367],[-52.21336156,-4.76749788],[-52.21365243,-4.76678827],[-52.21386897,-4.76585357],[-52.21389473,-4.76512363],[-52.21381898,-4.76459465],[-52.21351183,-4.76373052],[-52.21283271,-4.76256225],[-52.21282638,-4.7625514],[-52.21280849,-4.76211639],[-52.21286572,-4.76185128],[-52.2130418,-4.76149461],[-52.21356569,-4.76102246],[-52.21382927,-4.76069639],[-52.2141039,-4.75946855],[-52.21492674,-4.75827592],[-52.21497609,-4.75814559],[-52.21511071,-4.75779261],[-52.21510893,-4.75728973],[-52.21499505,-4.7566152],[-52.21433865,-4.75451619],[-52.21416212,-4.75358852],[-52.21392694,-4.75314304],[-52.21352945,-4.75268155],[-52.21331305,-4.75215192],[-52.21330954,-4.75168884],[-52.2134634,-4.75100117],[-52.21370699,-4.75058107],[-52.21371238,-4.75057202],[-52.21442367,-4.75003713],[-52.21503015,-4.74937219],[-52.21541426,-4.74837389],[-52.21646992,-4.74680007],[-52.21659785,-4.74674739],[-52.21722396,-4.74648851],[-52.21760359,-4.74601933],[-52.21782399,-4.74523115],[-52.21797127,-4.74490438],[-52.21862528,-4.74410278],[-52.2186118,-4.74309704],[-52.21851036,-4.74231486],[-52.21856506,-4.7416337],[-52.21895586,-4.74136529],[-52.21981523,-4.74097486],[-52.22045808,-4.74048893],[-52.2208328,-4.73979726],[-52.22242276,-4.73806331],[-52.2234532,-4.73703311],[-52.22368506,-4.73661394],[-52.22384721,-4.73602937],[-52.22405468,-4.73558581],[-52.22492576,-4.73467891],[-52.22511268,-4.7343385],[-52.22525887,-4.73390772],[-52.22566509,-4.73318614],[-52.22622272,-4.73244169],[-52.22631773,-4.73212948],[-52.22647579,-4.73178551],[-52.22669786,-4.73144142],[-52.22755629,-4.73103379],[-52.22793763,-4.73103312],[-52.22882899,-4.73140689],[-52.22952925,-4.73128083],[-52.2302596,-4.73084177],[-52.2310873,-4.73090271],[-52.23213716,-4.73118213],[-52.23331371,-4.73071153],[-52.23408117,-4.73035471],[-52.23475965,-4.7296435],[-52.23519159,-4.72869033],[-52.23544163,-4.72836428],[-52.2356523,-4.72565868],[-52.23609709,-4.72534494],[-52.23641294,-4.72400216],[-52.23712259,-4.72307383],[-52.2374281,-4.72251071],[-52.23768138,-4.72197934],[-52.23793544,-4.72188483],[-52.23834315,-4.72201524],[-52.23891632,-4.72242032],[-52.23974399,-4.72298142],[-52.2406044,-4.72369802],[-52.2414669,-4.72406911],[-52.24193388,-4.72407189],[-52.24251299,-4.72375701],[-52.24292594,-4.72328776],[-52.24346567,-4.72263106],[-52.24360088,-4.72211257],[-52.2438305,-4.72095264],[-52.24406501,-4.72000707],[-52.24412868,-4.71981973],[-52.24438301,-4.71988168],[-52.24479746,-4.72025538],[-52.24553026,-4.72069092],[-52.24642683,-4.72096427],[-52.24671984,-4.72097369],[-52.2470885,-4.72043849],[-52.2473105,-4.72006365],[-52.24745941,-4.71965276],[-52.24826272,-4.71868808],[-52.24851627,-4.71831227],[-52.2492564,-4.71679598],[-52.24937065,-4.71565707],[-52.24902519,-4.71454159],[-52.24876343,-4.71435575],[-52.2486996,-4.71394976],[-52.24885743,-4.71348097],[-52.24952432,-4.71286203],[-52.24987332,-4.71242365],[-52.24993693,-4.71220556],[-52.24996793,-4.71189347],[-52.24993504,-4.71114374],[-52.24951998,-4.71042635],[-52.24939236,-4.71014529],[-52.24951892,-4.70983303],[-52.2500509,-4.7088842],[-52.25079041,-4.7090502],[-52.2510128,-4.70889333],[-52.25126573,-4.70817474],[-52.25136023,-4.70758125],[-52.25104084,-4.70692609],[-52.25087984,-4.70561492],[-52.25082753,-4.70459299],[-52.25084371,-4.70355374],[-52.25165792,-4.70264511],[-52.25188855,-4.70256239],[-52.25267687,-4.70179762],[-52.25310986,-4.70094484],[-52.25353887,-4.70039417],[-52.25385576,-4.69964742],[-52.25418922,-4.69859314],[-52.25437985,-4.69832327],[-52.25488739,-4.69782491],[-52.25539793,-4.69749929],[-52.25598301,-4.69700983],[-52.25677485,-4.69569605],[-52.25695551,-4.69539725],[-52.25730489,-4.69517955],[-52.25867781,-4.69417314],[-52.25959083,-4.69308163],[-52.26029939,-4.69208003],[-52.26023517,-4.69145607],[-52.25962951,-4.69101941],[-52.25892976,-4.69089586],[-52.25854766,-4.6904597],[-52.25886369,-4.68974099],[-52.25876853,-4.68945988],[-52.25842467,-4.68923348],[-52.25832013,-4.68924724],[-52.25810963,-4.68899166],[-52.25790859,-4.68797542],[-52.25784955,-4.68772499],[-52.25666277,-4.68594807],[-52.25519621,-4.68448278],[-52.25411297,-4.68364177],[-52.25338118,-4.68323698],[-52.25296736,-4.68320607],[-52.25242716,-4.68358238],[-52.25185429,-4.68333288],[-52.25166197,-4.68264674],[-52.25196964,-4.68178877],[-52.25223557,-4.68128451],[-52.25245159,-4.68110233],[-52.25273083,-4.68098335],[-52.25290842,-4.68098574],[-52.25318806,-4.68109468],[-52.2534116,-4.68108252],[-52.25361228,-4.68089223],[-52.2535715,-4.68026551],[-52.25310568,-4.67887259],[-52.25296823,-4.67862953],[-52.25261703,-4.67832536],[-52.25260171,-4.67832539],[-52.25178233,-4.67834494],[-52.25144416,-4.67827229],[-52.25098607,-4.67818266],[-52.25088996,-4.67786989],[-52.25060393,-4.67771484],[-52.25003045,-4.6776218],[-52.2493621,-4.67740502],[-52.2493611,-4.67684245],[-52.24940667,-4.67661263],[-52.249423,-4.67616309],[-52.24942568,-4.67615314],[-52.24960839,-4.67548261],[-52.24957975,-4.67458183],[-52.2489438,-4.67433243],[-52.24881587,-4.67386505],[-52.24871988,-4.67362011],[-52.24862205,-4.67334986],[-52.24835288,-4.67304192],[-52.24753119,-4.67124261],[-52.24748146,-4.67115497],[-52.24715474,-4.6699074],[-52.24686797,-4.6698455],[-52.24623085,-4.66944053],[-52.24626185,-4.66912844],[-52.246805,-4.66838311],[-52.2470876,-4.66812845],[-52.24753241,-4.66784728],[-52.24769254,-4.66766701],[-52.24778882,-4.66756645],[-52.24783674,-4.66713946],[-52.24737249,-4.66713124],[-52.24727656,-4.66691343],[-52.24714918,-4.66675719],[-52.24724212,-4.66578926],[-52.24771877,-4.66516343],[-52.24863994,-4.66460013],[-52.24892543,-4.66394389],[-52.24870173,-4.66335097],[-52.24822232,-4.6624148],[-52.24710676,-4.66110532],[-52.2469139,-4.66010624],[-52.24755101,-4.65948556],[-52.24783577,-4.65841237],[-52.24785102,-4.65786063],[-52.24766249,-4.65727397],[-52.24730975,-4.65659625],[-52.24715488,-4.65567398],[-52.24710958,-4.65451545],[-52.24723824,-4.65335571],[-52.24763612,-4.65151173],[-52.24798112,-4.65035161],[-52.24829695,-4.64951895],[-52.24849122,-4.64875705],[-52.24881221,-4.64676216],[-52.24893041,-4.64631334],[-52.24893488,-4.64629524],[-52.24913189,-4.64555234],[-52.24956128,-4.64471676],[-52.25048832,-4.6418697],[-52.25085634,-4.64047438],[-52.25103822,-4.63933626],[-52.25098791,-4.63841109],[-52.25057711,-4.63649166],[-52.25068844,-4.6357281],[-52.25116713,-4.63575439],[-52.25167529,-4.63562867],[-52.25202458,-4.63537843],[-52.25288316,-4.63512637],[-52.25335807,-4.63403295],[-52.25345318,-4.63378315],[-52.25345221,-4.63323234],[-52.25345026,-4.63212891],[-52.25383251,-4.63164887],[-52.25430662,-4.63112797],[-52.25437855,-4.6300027],[-52.25424063,-4.6294865],[-52.25436382,-4.62727037],[-52.25423514,-4.62636615],[-52.25429593,-4.62505548],[-52.25438884,-4.62355754],[-52.25388028,-4.62191415],[-52.25356762,-4.62094965],[-52.25363713,-4.62050001],[-52.25380759,-4.62004115],[-52.25408971,-4.61952421],[-52.2540942,-4.61951516],[-52.25453168,-4.61918064],[-52.25499075,-4.6188289],[-52.25548409,-4.61796789],[-52.25567686,-4.61738689],[-52.25578124,-4.61574783],[-52.25601541,-4.61512697],[-52.25662239,-4.61431369],[-52.25753059,-4.61358852],[-52.25842421,-4.61277564],[-52.25863553,-4.61249398],[-52.25884561,-4.61201877],[-52.25890894,-4.61163879],[-52.25860553,-4.61081447],[-52.25779668,-4.6095967],[-52.25764985,-4.60913388],[-52.25778654,-4.60844535],[-52.2580597,-4.60795646],[-52.25849246,-4.60750708],[-52.25920899,-4.606974],[-52.25957864,-4.60651388],[-52.25975088,-4.60604959],[-52.25983084,-4.60539101],[-52.25996876,-4.60488427],[-52.26028019,-4.6041285],[-52.26029908,-4.60410314],[-52.26062819,-4.60366028],[-52.26103897,-4.60250547],[-52.2612391,-4.60149937],[-52.26133149,-4.60021669],[-52.26127142,-4.59937566],[-52.26099467,-4.59781416],[-52.26096461,-4.59711869],[-52.26112161,-4.59619044],[-52.26139798,-4.59548719],[-52.26169283,-4.59503535],[-52.26232334,-4.59428625],[-52.26265832,-4.59359195],[-52.26271837,-4.59288818],[-52.26253238,-4.59219298],[-52.26247296,-4.59172277],[-52.2625052,-4.5910896],[-52.26250608,-4.59107693],[-52.26328896,-4.5903547],[-52.26382828,-4.5895108],[-52.26439985,-4.58907293],[-52.26512994,-4.58857148],[-52.26570239,-4.58863287],[-52.26732551,-4.589567],[-52.26843859,-4.58953337],[-52.27002841,-4.58946814],[-52.2723685,-4.58809102],[-52.27319186,-4.58630959],[-52.27360507,-4.58602848],[-52.27557535,-4.58552571],[-52.27598812,-4.58499406],[-52.27614542,-4.5842449],[-52.27559951,-4.58135616],[-52.27499337,-4.58007745],[-52.27469803,-4.57922598],[-52.27483563,-4.57701346],[-52.27593877,-4.57545584],[-52.27593794,-4.57498734],[-52.27597159,-4.57414162],[-52.2759359,-4.57383236],[-52.27561847,-4.57373977],[-52.27507747,-4.57361592],[-52.27472694,-4.57314804],[-52.27477882,-4.57292274],[-52.27485325,-4.57271097],[-52.27520252,-4.57246072],[-52.27622642,-4.57247427],[-52.27656099,-4.57207301],[-52.2767597,-4.57180222],[-52.27701348,-4.5715838],[-52.27746727,-4.57132522],[-52.27785559,-4.57124765],[-52.27841118,-4.57095633],[-52.2791116,-4.5705119],[-52.27926182,-4.56983782],[-52.27930573,-4.56918473],[-52.2797065,-4.56850297],[-52.27988504,-4.56804319],[-52.27961626,-4.56487992],[-52.27963886,-4.56288105],[-52.27964351,-4.56245414],[-52.27973231,-4.5617042],[-52.27998534,-4.56055781],[-52.27998461,-4.56014087],[-52.27986748,-4.55965358],[-52.27986585,-4.55924115],[-52.28053518,-4.55804157],[-52.28065957,-4.55754119],[-52.28052293,-4.5557036],[-52.28028933,-4.55407963],[-52.28018813,-4.55291217],[-52.28025227,-4.55248606],[-52.28066343,-4.5510563],[-52.28080202,-4.54992369],[-52.28075568,-4.54920021],[-52.28056879,-4.54850502],[-52.28054214,-4.54770373],[-52.28054025,-4.54765399],[-52.2802292,-4.5470757],[-52.27981387,-4.54665135],[-52.2791488,-4.5461795],[-52.279005,-4.54589486],[-52.27885379,-4.54498525],[-52.2779781,-4.54415833],[-52.27788918,-4.54381932],[-52.27784643,-4.54308589],[-52.27706049,-4.54203812],[-52.27691803,-4.54148666],[-52.27692832,-4.54118998],[-52.27686296,-4.54092509],[-52.27686024,-4.54091334],[-52.27728799,-4.54020259],[-52.27742023,-4.53903743],[-52.27787292,-4.53815931],[-52.27833965,-4.53757783],[-52.27975182,-4.53650085],[-52.27985152,-4.53630621],[-52.27994154,-4.53624998],[-52.28027907,-4.53548693],[-52.28107081,-4.53420302],[-52.28208027,-4.53321538],[-52.28215821,-4.53294662],[-52.28213897,-4.53276939],[-52.28179308,-4.53236571],[-52.28178613,-4.53199942],[-52.28216861,-4.53117841],[-52.28214466,-4.5308818],[-52.28140207,-4.52987827],[-52.28136182,-4.52954279],[-52.28139581,-4.52836876],[-52.27919982,-4.52497193],[-52.27916335,-4.52472779],[-52.27928357,-4.52441826],[-52.27983619,-4.5239949],[-52.27970659,-4.52255977],[-52.28058609,-4.52198661],[-52.28128523,-4.52186056],[-52.28192049,-4.52179703],[-52.28287421,-4.52192015],[-52.2836991,-4.521045],[-52.28490728,-4.51929456],[-52.28560206,-4.51823422],[-52.28642585,-4.5167359],[-52.28699502,-4.51548766],[-52.28724765,-4.51411427],[-52.28734849,-4.51252136],[-52.28749784,-4.51238181],[-52.28771487,-4.51228465],[-52.2881907,-4.51227748],[-52.28848709,-4.51221273],[-52.28876599,-4.51194633],[-52.28878152,-4.51103824],[-52.28909522,-4.51006269],[-52.28913867,-4.50965833],[-52.28888335,-4.5089913],[-52.28833588,-4.50823344],[-52.28821552,-4.50794966],[-52.28821256,-4.50780405],[-52.28841478,-4.50749166],[-52.28872615,-4.50723334],[-52.28886088,-4.50697714],[-52.28903959,-4.50610946],[-52.28915543,-4.50586868],[-52.28957456,-4.50539491],[-52.29050593,-4.50461453],[-52.29085838,-4.50414631],[-52.29102978,-4.50372996],[-52.29110547,-4.50321339],[-52.29095052,-4.50222239],[-52.2909487,-4.50220973],[-52.29102141,-4.5020468],[-52.29103462,-4.50187313],[-52.29095762,-4.50164986],[-52.29077434,-4.50145754],[-52.29074297,-4.50104517],[-52.29063821,-4.50055075],[-52.29047389,-4.50023798],[-52.29040044,-4.50000275],[-52.2903751,-4.4999216],[-52.29037911,-4.4996385],[-52.29032237,-4.49863105],[-52.29064937,-4.49702056],[-52.29066642,-4.49697893],[-52.2908146,-4.49668653],[-52.29086361,-4.49637079],[-52.29124393,-4.49535081],[-52.29131393,-4.49518608],[-52.29121322,-4.49428633],[-52.29089008,-4.49348466],[-52.29064064,-4.492568],[-52.29068816,-4.49191852],[-52.29068844,-4.49156127],[-52.29076103,-4.49030667],[-52.29076005,-4.48974682],[-52.29073358,-4.48904231],[-52.29058424,-4.48867718],[-52.29038621,-4.48829585],[-52.29011195,-4.48761619],[-52.2894677,-4.48715516],[-52.28919375,-4.48613453],[-52.28907981,-4.4853967],[-52.28879516,-4.48495674],[-52.28828506,-4.4839121],[-52.28812643,-4.48183758],[-52.28851707,-4.48156646],[-52.28891257,-4.48150245],[-52.28945685,-4.48096697],[-52.28980012,-4.48040741],[-52.29024651,-4.47955464],[-52.29120152,-4.47838532],[-52.29148201,-4.47800405],[-52.29160345,-4.47684705],[-52.29182573,-4.47615566],[-52.29219356,-4.47418513],[-52.29200026,-4.47289935],[-52.29192167,-4.47073516],[-52.292043,-4.47054772],[-52.29288655,-4.47006507],[-52.29382659,-4.46962566],[-52.29533596,-4.46906314],[-52.29684532,-4.46850153],[-52.29748875,-4.46798938],[-52.29783395,-4.46750308],[-52.29788278,-4.46708967],[-52.2978082,-4.46669998],[-52.29741088,-4.46623942],[-52.29713865,-4.46619106],[-52.29656924,-4.46626442],[-52.29619763,-4.46607063],[-52.29607348,-4.46568194],[-52.29617128,-4.46543847],[-52.29678953,-4.46495169],[-52.29701246,-4.46463474],[-52.29701207,-4.46441586],[-52.29683811,-4.46439175],[-52.29647775,-4.4644548],[-52.29624433,-4.46444164],[-52.29579755,-4.46403634],[-52.29559823,-4.4634289],[-52.29549911,-4.46291807],[-52.29511512,-4.46183793],[-52.29499987,-4.46137687],[-52.29527258,-4.46067183],[-52.29527097,-4.45974749],[-52.29533558,-4.45908171],[-52.29553521,-4.45883806],[-52.29555916,-4.45861733],[-52.29539728,-4.45777558],[-52.29539935,-4.4574147],[-52.29584824,-4.45644978],[-52.29598419,-4.45586617],[-52.2959833,-4.45535787],[-52.29589539,-4.4545585],[-52.29601209,-4.4537859],[-52.29628513,-4.45326536],[-52.29696684,-4.45249358],[-52.29741962,-4.45169416],[-52.2976473,-4.45048994],[-52.29776317,-4.45027086],[-52.297779,-4.45005196],[-52.29795134,-4.44966184],[-52.29839702,-4.44944308],[-52.29916915,-4.4488466],[-52.29921011,-4.44856524],[-52.29908796,-4.44828146],[-52.29898764,-4.4476006],[-52.29886746,-4.44689625],[-52.29895435,-4.4460839],[-52.29930025,-4.44549088],[-52.29931628,-4.44538232],[-52.29928721,-4.44524852],[-52.29910132,-4.44510323],[-52.29902372,-4.44504367],[-52.29869278,-4.44491492],[-52.29844489,-4.44487285],[-52.29838888,-4.44479426],[-52.29838214,-4.44454555],[-52.29842529,-4.44448488],[-52.29907552,-4.44426124],[-52.29914926,-4.44417338],[-52.29912836,-4.44407845],[-52.29899073,-4.44369973],[-52.29871891,-4.44336918],[-52.29883476,-4.44314106],[-52.29970404,-4.44244853],[-52.29991619,-4.44215421],[-52.29997493,-4.44173716],[-52.29976376,-4.44156207],[-52.29974813,-4.44138393],[-52.30023968,-4.44111354],[-52.30108999,-4.44091577],[-52.30228505,-4.44049581],[-52.30298376,-4.44017169],[-52.30335528,-4.43980564],[-52.30356668,-4.43959634],[-52.30456197,-4.4388249],[-52.305783,-4.43780434],[-52.30643265,-4.43674047],[-52.30640449,-4.43610108],[-52.30633706,-4.43516149],[-52.3061096,-4.43443563],[-52.30598926,-4.43415727],[-52.30566987,-4.43392721],[-52.30545685,-4.4337277],[-52.30540342,-4.43357585],[-52.30538964,-4.43291111],[-52.30552177,-4.43272275],[-52.30609256,-4.4324269],[-52.30732236,-4.43127427],[-52.30803018,-4.43049972],[-52.30983589,-4.42992311],[-52.31206674,-4.42923992],[-52.31291573,-4.42829961],[-52.31328761,-4.42814158],[-52.31368534,-4.42782341],[-52.31456115,-4.42727377],[-52.31474521,-4.42638619],[-52.31606483,-4.42405853],[-52.31609618,-4.42395628],[-52.31606955,-4.42366962],[-52.31609407,-4.42275609],[-52.31587907,-4.42143328],[-52.3156618,-4.41830251],[-52.31571468,-4.41814595],[-52.31621879,-4.41785744],[-52.31627154,-4.4176231],[-52.31578481,-4.41549944],[-52.31498091,-4.41440288],[-52.31475661,-4.41393025],[-52.31482921,-4.41371035],[-52.31520085,-4.41342298],[-52.31541282,-4.41303098],[-52.31546516,-4.41256149],[-52.31570462,-4.41243082],[-52.31697953,-4.41235802],[-52.31808293,-4.41211005],[-52.31869257,-4.41137818],[-52.31945943,-4.41139853],[-52.32001778,-4.41121484],[-52.32062724,-4.41037896],[-52.3208118,-4.40977809],[-52.32094475,-4.4095436],[-52.32123642,-4.40938662],[-52.32160723,-4.40862894],[-52.32173253,-4.40763565],[-52.32168508,-4.40729748],[-52.32131229,-4.40693275],[-52.32104786,-4.40619068],[-52.32078833,-4.40566928],[-52.32072459,-4.40528953],[-52.32093674,-4.40500244],[-52.321202,-4.40468904],[-52.32152061,-4.40447955],[-52.32226292,-4.40386773],[-52.32311289,-4.40350083],[-52.32353714,-4.40290044],[-52.32414737,-4.40250773],[-52.32459858,-4.40237669],[-52.32510417,-4.40242734],[-52.32603273,-4.40166958],[-52.32709371,-4.40088445],[-52.32770488,-4.40051796],[-52.3278646,-4.40064792],[-52.32805096,-4.40106543],[-52.32834309,-4.40116892],[-52.32871505,-4.40106425],[-52.32890083,-4.40064607],[-52.32881937,-4.39993352],[-52.32932327,-4.39902728],[-52.32936137,-4.39866725],[-52.32970972,-4.39845861],[-52.33027676,-4.39759839],[-52.33056922,-4.3973808],[-52.33139252,-4.39722286],[-52.33188179,-4.3967146],[-52.33213015,-4.39652513],[-52.3327675,-4.39618483],[-52.33332549,-4.39631407],[-52.33438999,-4.39701762],[-52.33505421,-4.39709421],[-52.3354263,-4.39706731],[-52.33586987,-4.39669932],[-52.33640801,-4.39630854],[-52.33704489,-4.39570776],[-52.33746903,-4.395054],[-52.33749418,-4.39450587],[-52.33714806,-4.39393309],[-52.33672146,-4.39320307],[-52.33677425,-4.39299405],[-52.33685303,-4.3927063],[-52.33706526,-4.39247168],[-52.33762201,-4.39241641],[-52.33779592,-4.39241972],[-52.33796014,-4.39254785],[-52.33843939,-4.39299107],[-52.33865265,-4.39332984],[-52.33907878,-4.39379848],[-52.33950351,-4.39398041],[-52.3397163,-4.39405871],[-52.34008806,-4.39384912],[-52.34069786,-4.39322216],[-52.34097862,-4.39301997],[-52.34150188,-4.39287703],[-52.34231705,-4.39221171],[-52.34319228,-4.39137535],[-52.34406761,-4.39009491],[-52.34486153,-4.38863192],[-52.34578902,-4.38729984],[-52.34610598,-4.38617687],[-52.34614053,-4.38534022],[-52.34616934,-4.38482374],[-52.34612137,-4.38470263],[-52.34588397,-4.384467],[-52.34490673,-4.38418025],[-52.34464059,-4.38399804],[-52.3443481,-4.38368563],[-52.34429265,-4.38341259],[-52.34432013,-4.38316383],[-52.34448283,-4.38294557],[-52.34527604,-4.38260136],[-52.34577982,-4.38215638],[-52.34663614,-4.38133452],[-52.34696759,-4.38075328],[-52.34694844,-4.38012203],[-52.34693799,-4.37982359],[-52.3468773,-4.3796401],[-52.34606692,-4.37894605],[-52.34593283,-4.37852935],[-52.34582579,-4.37813069],[-52.34571818,-4.37740734],[-52.34587696,-4.37701544],[-52.34616961,-4.37691091],[-52.34630646,-4.37685097],[-52.34655844,-4.37667505],[-52.3471426,-4.37633484],[-52.34809813,-4.37607174],[-52.34833775,-4.37604508],[-52.34910893,-4.37648777],[-52.34934761,-4.37643488],[-52.34977233,-4.37612118],[-52.35022442,-4.37599013],[-52.351898,-4.37619603],[-52.35216358,-4.37607255],[-52.35335817,-4.37547075],[-52.35394186,-4.37486916],[-52.35396791,-4.37432103],[-52.35423182,-4.37377247],[-52.35454337,-4.37365343],[-52.35492263,-4.37361476],[-52.35558673,-4.37363978],[-52.35590522,-4.37337783],[-52.35603811,-4.37311711],[-52.3558508,-4.37267338],[-52.35537151,-4.37220485],[-52.35454663,-4.37145748],[-52.3542011,-4.37121482],[-52.35404094,-4.37083254],[-52.35372038,-4.36994497],[-52.35329347,-4.36903318],[-52.3528933,-4.36796396],[-52.35289292,-4.36775504],[-52.35312056,-4.3670727],[-52.35323862,-4.36658319],[-52.35314584,-4.36609587],[-52.35312434,-4.36566269],[-52.35323284,-4.3648657],[-52.35320624,-4.36460437],[-52.35328394,-4.36371699],[-52.35320367,-4.36316905],[-52.35301637,-4.36272622],[-52.35356511,-4.36223594],[-52.35383164,-4.3621423],[-52.35447632,-4.3618879],[-52.35492764,-4.361339],[-52.35524472,-4.36079125],[-52.35546126,-4.36045803],[-52.35580225,-4.36017976],[-52.35614742,-4.36022707],[-52.35646671,-4.36041371],[-52.35694538,-4.36054308],[-52.35721113,-4.36051637],[-52.35853749,-4.35954896],[-52.35938588,-4.35834635],[-52.36030009,-4.35767361],[-52.36089396,-4.35722937],[-52.36161045,-4.35683736],[-52.36232737,-4.3566796],[-52.36301858,-4.35675612],[-52.36365668,-4.35685988],[-52.36474594,-4.35683167],[-52.36530333,-4.35664797],[-52.36564808,-4.35646465],[-52.36578887,-4.35609177],[-52.36589788,-4.35558872],[-52.36577894,-4.35508065],[-52.36490005,-4.35385585],[-52.36501224,-4.35211102],[-52.36492478,-4.34907052],[-52.36475799,-4.34851279],[-52.36389717,-4.34680228],[-52.36325655,-4.34528944],[-52.36330137,-4.34365507],[-52.36309245,-4.34271123],[-52.36321793,-4.34234833],[-52.36333098,-4.34207951],[-52.36372842,-4.34164015],[-52.36460344,-4.34072601],[-52.36502795,-4.3403074],[-52.36632275,-4.3393527],[-52.36715083,-4.33889446],[-52.36784123,-4.33852783],[-52.36845242,-4.33870941],[-52.36861264,-4.33912606],[-52.36861321,-4.33943989],[-52.36866691,-4.33974458],[-52.3685613,-4.34013639],[-52.36792411,-4.34052916],[-52.36787166,-4.34092087],[-52.36800543,-4.34115487],[-52.36811221,-4.34141605],[-52.36845734,-4.34144166],[-52.36893548,-4.34128432],[-52.36949253,-4.34091793],[-52.36991784,-4.34094338],[-52.37015678,-4.34104696],[-52.37018494,-4.34167367],[-52.3701856,-4.34203905],[-52.37053115,-4.3422989],[-52.3709566,-4.34240303],[-52.37156779,-4.34258371],[-52.3717551,-4.34302744],[-52.37183533,-4.34354914],[-52.37199574,-4.3440707],[-52.37244874,-4.34446149],[-52.37359124,-4.34448564],[-52.37528029,-4.34482171],[-52.37602465,-4.34489904],[-52.3773003,-4.34481802],[-52.37828331,-4.34484245],[-52.37958447,-4.34442223],[-52.38043301,-4.34382105],[-52.38089874,-4.34378131],[-52.38142128,-4.34376226],[-52.38186798,-4.34366105],[-52.3824258,-4.34372063],[-52.38322345,-4.34387563],[-52.38396628,-4.34361379],[-52.38489538,-4.34322047],[-52.38539973,-4.34261902],[-52.38581868,-4.34162882],[-52.38588754,-4.34134742],[-52.38589644,-4.34079119],[-52.38565606,-4.3399044],[-52.3855207,-4.33879403],[-52.38533295,-4.33761954],[-52.38519847,-4.33699394],[-52.38511852,-4.3366287],[-52.38511771,-4.33618463],[-52.38524975,-4.33596462],[-52.38546219,-4.33586022],[-52.38588757,-4.33592275],[-52.38647263,-4.33610437],[-52.38711037,-4.33602451],[-52.38795917,-4.33557889],[-52.38883529,-4.33529058],[-52.38918097,-4.33513348],[-52.38939298,-4.33479393],[-52.38949734,-4.33372382],[-52.38952295,-4.33343617],[-52.3895496,-4.33322811],[-52.38956017,-4.33309695],[-52.38945176,-4.33194945],[-52.38846274,-4.32911503],[-52.38846199,-4.32870262],[-52.38859466,-4.328337],[-52.38901925,-4.32797083],[-52.38978843,-4.32734266],[-52.39039885,-4.3271073],[-52.39108993,-4.32713226],[-52.39186067,-4.32736508],[-52.39289682,-4.3273894],[-52.39350729,-4.32717936],[-52.39467591,-4.32673405],[-52.39616181,-4.32587031],[-52.39666662,-4.32552932],[-52.39722374,-4.32521536],[-52.39770865,-4.32482919],[-52.39828363,-4.3244329],[-52.39844313,-4.32396051],[-52.39836265,-4.32330858],[-52.39780159,-4.32146462],[-52.39761447,-4.32112581],[-52.39763978,-4.32018608],[-52.39790465,-4.31968998],[-52.39830244,-4.3194541],[-52.39871502,-4.31942711],[-52.39894023,-4.31940951],[-52.39944466,-4.31935612],[-52.39976292,-4.31899015],[-52.39992215,-4.31885963],[-52.4000544,-4.31875447],[-52.40058509,-4.3182841],[-52.40100976,-4.31797039],[-52.40140745,-4.31768206],[-52.40153138,-4.31746296],[-52.40159399,-4.31721232],[-52.40169839,-4.31666406],[-52.40171631,-4.31661247],[-52.40178654,-4.31658612],[-52.40189193,-4.31657597],[-52.40200369,-4.31659657],[-52.40249501,-4.31676659],[-52.40253466,-4.31677285],[-52.4025851,-4.31676281],[-52.40262826,-4.3167148],[-52.40310574,-4.31621739],[-52.40340358,-4.31552226],[-52.4036258,-4.31535182],[-52.40432436,-4.31455374],[-52.40454011,-4.3138054],[-52.40490351,-4.31152562],[-52.40503494,-4.31097731],[-52.40545941,-4.31055869],[-52.40585729,-4.31037526],[-52.40638879,-4.31034805],[-52.40687845,-4.31059314],[-52.40754348,-4.31067059],[-52.40834009,-4.31077312],[-52.40908354,-4.31038104],[-52.40942754,-4.30980611],[-52.4094536,-4.30928422],[-52.40907898,-4.30790208],[-52.40915658,-4.30698848],[-52.40921841,-4.30582621],[-52.40927532,-4.30542183],[-52.40952501,-4.30500444],[-52.40979038,-4.30478237],[-52.41010928,-4.30476821],[-52.41069359,-4.30455821],[-52.41117131,-4.30419195],[-52.41156865,-4.30372182],[-52.41172764,-4.30346377],[-52.41179422,-4.30341843],[-52.41180621,-4.30307654],[-52.41199159,-4.30247658],[-52.41252039,-4.30098785],[-52.41287133,-4.3002691],[-52.41355745,-4.29908758],[-52.41445443,-4.29841485],[-52.41504106,-4.29799955],[-52.41525034,-4.29765639],[-52.41522283,-4.29739597],[-52.41490371,-4.29679694],[-52.41466301,-4.296224],[-52.414662,-4.29567593],[-52.41463695,-4.29479509],[-52.41456514,-4.29444613],[-52.41463948,-4.29420994],[-52.4148599,-4.29404583],[-52.41575347,-4.29397544],[-52.41621717,-4.29382806],[-52.41633209,-4.2936126],[-52.41631448,-4.29334855],[-52.41615558,-4.29316163],[-52.4157002,-4.29293457],[-52.41545296,-4.29272069],[-52.41545074,-4.29249549],[-52.41592534,-4.29190766],[-52.41591301,-4.29157124],[-52.41546954,-4.29096069],[-52.41539523,-4.29072478],[-52.41547722,-4.29023896],[-52.41573478,-4.28969584],[-52.41573613,-4.28945255],[-52.41561997,-4.28899062],[-52.4152196,-4.28830221],[-52.41505838,-4.28783403],[-52.41506033,-4.28742433],[-52.41515173,-4.28715645],[-52.41550114,-4.28659146],[-52.41658924,-4.28550959],[-52.41697167,-4.2847745],[-52.41707945,-4.28410776],[-52.41705341,-4.28366193],[-52.41690296,-4.28317293],[-52.41667418,-4.2827094],[-52.41651618,-4.28203501],[-52.41654146,-4.28157281],[-52.41664724,-4.28128954],[-52.41715323,-4.28111495],[-52.41734406,-4.28054211],[-52.41773935,-4.28043014],[-52.41814666,-4.28048727],[-52.41846014,-4.28047221],[-52.41861223,-4.2803833],[-52.41871361,-4.28015611],[-52.4186556,-4.2794761],[-52.41868314,-4.27926442],[-52.418888,-4.27897102],[-52.41917785,-4.27884115],[-52.41929922,-4.27870255],[-52.41939023,-4.27822486],[-52.41946735,-4.27803027],[-52.41950681,-4.27793343],[-52.41954537,-4.27783568],[-52.41972899,-4.27774761],[-52.42182372,-4.27832796],[-52.42235486,-4.27811806],[-52.42312136,-4.27754325],[-52.42322209,-4.27696424],[-52.42349386,-4.27631528],[-52.42354629,-4.27592448],[-52.4234928,-4.2757419],[-52.42365178,-4.27548023],[-52.42389033,-4.27538301],[-52.42400928,-4.27539817],[-52.42438723,-4.27566155],[-52.42468036,-4.27584369],[-52.42664672,-4.27667479],[-52.42707189,-4.27664867],[-52.42736301,-4.2762303],[-52.42764589,-4.27574501],[-52.42781374,-4.27541369],[-52.427706,-4.27463792],[-52.42783004,-4.27448665],[-52.42804525,-4.27442837],[-52.42841731,-4.27442768],[-52.42902777,-4.27424385],[-52.42931878,-4.27377392],[-52.4294765,-4.27283487],[-52.42994509,-4.27193321],[-52.43037767,-4.27153266],[-52.43101377,-4.27108832],[-52.431412,-4.2711138],[-52.4317207,-4.27143881],[-52.43196116,-4.27188151],[-52.43267913,-4.27234955],[-52.43330635,-4.27246233],[-52.43461824,-4.27258107],[-52.43602626,-4.2725522],[-52.43748629,-4.272393],[-52.4381495,-4.27200016],[-52.43836216,-4.27202599],[-52.43881335,-4.27194736],[-52.43947814,-4.27191988],[-52.44019558,-4.27210122],[-52.44056751,-4.27251745],[-52.44139111,-4.27262081],[-52.4421613,-4.27259313],[-52.4427718,-4.27243552],[-52.4430641,-4.2721736],[-52.44316942,-4.27165157],[-52.44327451,-4.27099931],[-52.44335276,-4.2704511],[-52.44351002,-4.2692769],[-52.44368054,-4.2689302],[-52.4438464,-4.26801916],[-52.44388027,-4.26782737],[-52.44383922,-4.26754889],[-52.44355044,-4.26679789],[-52.44320438,-4.26625048],[-52.44312333,-4.26578125],[-52.443282,-4.26536402],[-52.44344141,-4.2653375],[-52.44375269,-4.26511534],[-52.44407844,-4.26491847],[-52.44434376,-4.26468373],[-52.44450209,-4.26408292],[-52.44439496,-4.26363997],[-52.44449366,-4.26342906],[-52.44487141,-4.26310096],[-52.44540214,-4.26268213],[-52.44555953,-4.26254527],[-52.44643744,-4.26231481],[-52.44715394,-4.26200054],[-52.44845978,-4.26178464],[-52.44962379,-4.26183942],[-52.4509249,-4.26149782],[-52.45169473,-4.26128745],[-52.45211845,-4.26097373],[-52.45264909,-4.26051059],[-52.45275496,-4.26028248],[-52.45343543,-4.25949709],[-52.45363061,-4.25932941],[-52.45378404,-4.25900625],[-52.45407166,-4.2586548],[-52.4542541,-4.25842384],[-52.45473125,-4.25826195],[-52.45497462,-4.25834018],[-52.45524021,-4.25873127],[-52.45571905,-4.25899083],[-52.45645404,-4.25893608],[-52.45721347,-4.25894007],[-52.45821257,-4.2584896],[-52.45873566,-4.25832762],[-52.46030825,-4.25769337],[-52.46039738,-4.25766607],[-52.46092068,-4.25761443],[-52.46135058,-4.25771762],[-52.46226804,-4.25840502],[-52.46354442,-4.25928979],[-52.46469933,-4.25930477],[-52.46489924,-4.25926098],[-52.46541442,-4.25872822],[-52.46549816,-4.25823336],[-52.46582173,-4.25641222],[-52.46576728,-4.25477178],[-52.46613753,-4.25430079],[-52.46635443,-4.25419095],[-52.46659218,-4.2541498],[-52.46794387,-4.25437603],[-52.46860843,-4.2547139],[-52.46951252,-4.25499887],[-52.47092126,-4.25585715],[-52.47226052,-4.25617383],[-52.47238327,-4.2562984],[-52.47244843,-4.25692953],[-52.4725443,-4.25713283],[-52.4727406,-4.25708543],[-52.4733243,-4.25658871],[-52.4735359,-4.25653585],[-52.47390794,-4.25653514],[-52.47446556,-4.25653407],[-52.47486429,-4.25635153],[-52.47523464,-4.25593299],[-52.47557883,-4.25501981],[-52.47567515,-4.25451137],[-52.47628005,-4.25331914],[-52.47746393,-4.25199647],[-52.47786408,-4.25161496],[-52.47810527,-4.25149241],[-52.47828862,-4.25174347],[-52.47861133,-4.25185409],[-52.4787821,-4.25212327],[-52.47909898,-4.25248531],[-52.47945855,-4.25302635],[-52.47969844,-4.25364086],[-52.47978763,-4.25411549],[-52.47999892,-4.25437373],[-52.48078995,-4.25442376],[-52.48205582,-4.25452533],[-52.48318992,-4.25449692],[-52.4838753,-4.25441782],[-52.48442368,-4.25429557],[-52.48497937,-4.2542321],[-52.4860373,-4.25441365],[-52.48632777,-4.25462109],[-52.48653936,-4.25503489],[-52.48683027,-4.25547475],[-52.48693771,-4.25653628],[-52.48712506,-4.25793408],[-52.48756379,-4.25982157],[-52.48790695,-4.26026043],[-52.48840842,-4.26056966],[-52.48969977,-4.26033473],[-52.49046195,-4.26036943],[-52.49088697,-4.26074663],[-52.49120486,-4.26115932],[-52.49127697,-4.26164482],[-52.49157072,-4.26215523],[-52.49160685,-4.26220218],[-52.49171948,-4.26221462],[-52.49181761,-4.26218549],[-52.49186259,-4.26215466],[-52.49218687,-4.26167471],[-52.49260807,-4.26100375],[-52.49299709,-4.26046037],[-52.49289705,-4.25903347],[-52.49159456,-4.25769572],[-52.49090958,-4.25657924],[-52.4905178,-4.25568648],[-52.49028963,-4.25508008],[-52.49003562,-4.25415811],[-52.48989711,-4.25380387],[-52.49009096,-4.25342004],[-52.49044828,-4.25326018],[-52.49103341,-4.25351408],[-52.49194488,-4.25389576],[-52.49256232,-4.25408539],[-52.49285521,-4.25414903],[-52.4930821,-4.25408438],[-52.49314665,-4.25392509],[-52.49342419,-4.25303374],[-52.49363498,-4.25256125],[-52.49337013,-4.25162574],[-52.49294691,-4.25124401],[-52.49288831,-4.25028097],[-52.4928706,-4.2499717],[-52.49294402,-4.24974276],[-52.49380279,-4.24894886],[-52.49459941,-4.24863531],[-52.4950859,-4.2481876],[-52.49511735,-4.24767657],[-52.49508418,-4.24729409],[-52.49513939,-4.24649361],[-52.49488659,-4.24572991],[-52.49446141,-4.24432624],[-52.49374511,-4.2437841],[-52.49296415,-4.24333885],[-52.49257217,-4.24233757],[-52.49169184,-4.24080726],[-52.491495,-4.23962562],[-52.49173757,-4.23835089],[-52.49185423,-4.23811463],[-52.49214038,-4.23748553],[-52.4924321,-4.23694235],[-52.49288847,-4.23629122],[-52.49314527,-4.23585572],[-52.49325554,-4.23511121],[-52.49359803,-4.23473704],[-52.49388971,-4.23464061],[-52.4942146,-4.23448082],[-52.49502706,-4.23444759],[-52.49580783,-4.23479698],[-52.49619887,-4.235309],[-52.49629756,-4.23604225],[-52.49652633,-4.23648857],[-52.4968516,-4.23699801],[-52.49734033,-4.237253],[-52.49773025,-4.23718803],[-52.49811805,-4.23648549],[-52.49880019,-4.23613327],[-52.49958016,-4.23606754],[-52.49999389,-4.23583195],[-52.50039442,-4.23560388],[-52.50150619,-4.23553889],[-52.50191592,-4.23558188],[-52.50248329,-4.23551024],[-52.50298884,-4.2351457],[-52.50299601,-4.23512489],[-52.50274642,-4.23462525],[-52.50267799,-4.23277234],[-52.50307319,-4.23123957],[-52.50315647,-4.23004564],[-52.50301558,-4.22938844],[-52.50275693,-4.22885988],[-52.50197001,-4.22765408],[-52.50170025,-4.22696456],[-52.50176469,-4.22674649],[-52.50194623,-4.2265318],[-52.50252611,-4.22640949],[-52.5031132,-4.22628897],[-52.50362355,-4.22607998],[-52.50442247,-4.22556746],[-52.505008,-4.22510781],[-52.50563908,-4.22444368],[-52.50646857,-4.22343731],[-52.50666343,-4.2231204],[-52.5076323,-4.22198806],[-52.5079433,-4.22164199],[-52.5082176,-4.22141446],[-52.50870166,-4.2211196],[-52.50919143,-4.22098661],[-52.50959766,-4.22097496],[-52.51042128,-4.22113072],[-52.5110568,-4.22137004],[-52.51140686,-4.22165785],[-52.51229018,-4.22240404],[-52.51297768,-4.22297155],[-52.51338665,-4.22344554],[-52.51444027,-4.22468065],[-52.51467975,-4.2250781],[-52.51487722,-4.2251781],[-52.51512319,-4.22520746],[-52.51552928,-4.22511985],[-52.51611611,-4.22487272],[-52.51631952,-4.22478731],[-52.51730807,-4.22451859],[-52.51808176,-4.22447366],[-52.51877587,-4.22473276],[-52.51969295,-4.22477346],[-52.5205952,-4.22459806],[-52.52124003,-4.22453258],[-52.52212108,-4.22457335],[-52.52268404,-4.22455778],[-52.52317294,-4.22444196],[-52.52376699,-4.22420024],[-52.52598442,-4.22312059],[-52.52802453,-4.22257757],[-52.52851756,-4.22227454],[-52.52866941,-4.22207529],[-52.52869788,-4.22189797],[-52.52848339,-4.22138291],[-52.52815548,-4.22090696],[-52.52778483,-4.22022942],[-52.52767957,-4.21937501],[-52.52776516,-4.21892176],[-52.52877222,-4.2179919],[-52.52967386,-4.21751534],[-52.53078883,-4.21649845],[-52.53201919,-4.21552927],[-52.53261603,-4.21487605],[-52.53277093,-4.21440095],[-52.532776,-4.21376789],[-52.53268941,-4.21325077],[-52.53230073,-4.21256061],[-52.53190852,-4.21190753],[-52.5315703,-4.21168482],[-52.53107478,-4.21163606],[-52.52991727,-4.21162477],[-52.52901251,-4.21142398],[-52.52821651,-4.21110992],[-52.52757205,-4.21089595],[-52.52679728,-4.21037928],[-52.52604503,-4.20986256],[-52.52492622,-4.20936826],[-52.52402418,-4.20917649],[-52.52327179,-4.20904864],[-52.52301368,-4.20879593],[-52.52290593,-4.20850946],[-52.52288284,-4.20775436],[-52.52283054,-4.2063319],[-52.52277203,-4.20542494],[-52.52268084,-4.20485085],[-52.52240501,-4.20428707],[-52.52213631,-4.2041447],[-52.52122442,-4.20398099],[-52.52114586,-4.20387985],[-52.5211287,-4.20385728],[-52.52075801,-4.20314717],[-52.52073571,-4.20279632],[-52.52097234,-4.20126116],[-52.5210804,-4.20077892],[-52.52114471,-4.2000336],[-52.52133891,-4.19891453],[-52.5217519,-4.19821284],[-52.52233242,-4.1975054],[-52.52258389,-4.19712598],[-52.52291468,-4.19677083],[-52.52325199,-4.19652328],[-52.52385694,-4.19633942],[-52.52371034,-4.19738333],[-52.52385408,-4.19765165],[-52.52400014,-4.19772643],[-52.52429376,-4.19770957],[-52.52548403,-4.19697471],[-52.52622989,-4.19699405],[-52.52624521,-4.19699855],[-52.52712392,-4.19724462],[-52.52835522,-4.19769258],[-52.52855251,-4.19770485],[-52.52895653,-4.19749063],[-52.52974936,-4.19664983],[-52.53005499,-4.19632638],[-52.53035802,-4.19606171],[-52.5308467,-4.19583918],[-52.5311303,-4.1957708],[-52.53162165,-4.19599683],[-52.53320562,-4.19668917],[-52.53376231,-4.19670435],[-52.53408901,-4.19656715],[-52.53425246,-4.19631451],[-52.534279,-4.19606848],[-52.53422079,-4.19578281],[-52.53389087,-4.19427047],[-52.53331965,-4.1923426],[-52.53376637,-4.19139305],[-52.53384724,-4.19129432],[-52.53410271,-4.19111657],[-52.53445028,-4.19105891],[-52.53478991,-4.19108447],[-52.53579952,-4.19148311],[-52.53605016,-4.19114077],[-52.53629322,-4.19107156],[-52.53736968,-4.19110743],[-52.53869977,-4.19095107],[-52.54005281,-4.19101442],[-52.54101333,-4.19118797],[-52.54188662,-4.1914268],[-52.54238872,-4.19162386],[-52.54293529,-4.19199538],[-52.54344111,-4.1917918],[-52.5439929,-4.19160351],[-52.54400549,-4.19159354],[-52.54511496,-4.19101165],[-52.54578999,-4.19028684],[-52.54613728,-4.18962869],[-52.54633239,-4.18899254],[-52.54626792,-4.18826828],[-52.54608522,-4.1878861],[-52.54543946,-4.18699931],[-52.54511064,-4.18605762],[-52.54493496,-4.18557595],[-52.54491261,-4.1852034],[-52.54492286,-4.18491851],[-52.54497671,-4.18481983],[-52.54511887,-4.18474268],[-52.54560649,-4.18444508],[-52.54730658,-4.18374085],[-52.54752784,-4.18357582],[-52.54769899,-4.18312421],[-52.54772955,-4.18309069],[-52.54790571,-4.18289681],[-52.54805552,-4.1825809],[-52.54819314,-4.18202445],[-52.54798874,-4.18113949],[-52.54765388,-4.18032805],[-52.54734116,-4.17978696],[-52.547103,-4.17913539],[-52.54696921,-4.17843026],[-52.54712061,-4.17801305],[-52.54724004,-4.17782652],[-52.54759941,-4.17735465],[-52.547926,-4.1771677],[-52.54832937,-4.17709004],[-52.54887523,-4.17709981],[-52.54944249,-4.17700011],[-52.55049967,-4.17640658],[-52.55166597,-4.17587794],[-52.55291909,-4.17553542],[-52.55392285,-4.17525941],[-52.55408543,-4.17502939],[-52.55416099,-4.17452461],[-52.55426794,-4.17394742],[-52.55446739,-4.17368477],[-52.55598343,-4.17238583],[-52.55661971,-4.17166018],[-52.55710796,-4.17123689],[-52.55733579,-4.17075351],[-52.55730143,-4.16976784],[-52.55730029,-4.16919268],[-52.55710169,-4.16804726],[-52.55674002,-4.16734259],[-52.55649905,-4.16664129],[-52.5564755,-4.16611591],[-52.5565951,-4.16555679],[-52.55685486,-4.16482285],[-52.55734456,-4.16421958],[-52.55789246,-4.16344347],[-52.55797695,-4.16335287],[-52.55827802,-4.16301495],[-52.55849646,-4.16279838],[-52.55948578,-4.16206209],[-52.55975833,-4.16187525],[-52.56000874,-4.16188561],[-52.56015138,-4.16204991],[-52.56043516,-4.16254222],[-52.56077441,-4.16283636],[-52.56111225,-4.16288001],[-52.56140719,-4.16308742],[-52.56153846,-4.16342629],[-52.56152906,-4.16413893],[-52.56171625,-4.16497598],[-52.56221945,-4.16574187],[-52.56243779,-4.16592773],[-52.56259106,-4.16600429],[-52.56276575,-4.16598224],[-52.56286378,-4.16590518],[-52.56288475,-4.16557686],[-52.56263274,-4.16521562],[-52.56263248,-4.16508359],[-52.56276385,-4.16501821],[-52.56314594,-4.16511603],[-52.56347309,-4.16521395],[-52.56360362,-4.16518023],[-52.56374567,-4.16504882],[-52.56409318,-4.16451095],[-52.5648216,-4.16392891],[-52.56556235,-4.16366427],[-52.56585535,-4.16288776],[-52.56586522,-4.16286784],[-52.56634282,-4.16252866],[-52.56685741,-4.16085822],[-52.56735144,-4.15971596],[-52.56814522,-4.15848718],[-52.56903753,-4.15743275],[-52.56921919,-4.15729583],[-52.56935304,-4.15711469],[-52.56946225,-4.15677444],[-52.56962404,-4.15614922],[-52.56967553,-4.15531712],[-52.56974989,-4.1551135],[-52.56990182,-4.15497121],[-52.57112401,-4.15494707],[-52.57172386,-4.15494587],[-52.57195232,-4.15478535],[-52.57208253,-4.15458794],[-52.57309271,-4.15259097],[-52.57335509,-4.15180817],[-52.57354926,-4.15115937],[-52.57360599,-4.15024587],[-52.57350621,-4.14898],[-52.57332747,-4.14831837],[-52.57322917,-4.14780129],[-52.57335264,-4.14738504],[-52.57350885,-4.14712428],[-52.57380726,-4.14681621],[-52.57414809,-4.14655056],[-52.57434938,-4.14631593],[-52.57563819,-4.14492339],[-52.57622616,-4.14438504],[-52.57653136,-4.14431841],[-52.57700089,-4.14446036],[-52.57723007,-4.1446679],[-52.57776562,-4.14540116],[-52.57845429,-4.1461341],[-52.57918593,-4.14673493],[-52.57952486,-4.14687714],[-52.5800699,-4.14694206],[-52.58046242,-4.14685355],[-52.58082249,-4.14675426],[-52.581419,-4.14643474],[-52.58212693,-4.14598386],[-52.58269267,-4.14558844],[-52.58296332,-4.14536181],[-52.58315017,-4.14511636],[-52.58327929,-4.14437093],[-52.58332104,-4.14362567],[-52.58337386,-4.1434655],[-52.58357147,-4.14319832],[-52.58378718,-4.14297181],[-52.5838852,-4.14289474],[-52.58400676,-4.14287912],[-52.58487972,-4.1429868],[-52.58517231,-4.14292472],[-52.58529199,-4.14287022],[-52.58541338,-4.14276688],[-52.58617338,-4.14178324],[-52.58672641,-4.14133901],[-52.58722068,-4.14124397],[-52.58762252,-4.14131641],[-52.58998924,-4.14200127],[-52.59059372,-4.14215777],[-52.59114209,-4.14253739],[-52.59208299,-4.1434713],[-52.59257431,-4.14401291],[-52.59326079,-4.14455069],[-52.59510214,-4.14519086],[-52.59587839,-4.14535523],[-52.59665465,-4.14551961],[-52.59719226,-4.14547692],[-52.59764643,-4.14514411],[-52.59836806,-4.14389648],[-52.59859315,-4.14296185],[-52.59836572,-4.14273351],[-52.59778585,-4.14236119],[-52.59735,-4.14194608],[-52.59716242,-4.14092908],[-52.59735168,-4.13927983],[-52.59742611,-4.1385819],[-52.59765642,-4.13818045],[-52.59827153,-4.13708532],[-52.59915914,-4.13641884],[-52.59986214,-4.13620943],[-52.6003376,-4.13616687],[-52.600772,-4.13631158],[-52.6009799,-4.13668465],[-52.60122999,-4.13743203],[-52.60187181,-4.13815781],[-52.60267934,-4.13842567],[-52.60370685,-4.13835485],[-52.60471841,-4.13752082],[-52.60511059,-4.13727133],[-52.60554569,-4.13731204],[-52.60600098,-4.13753901],[-52.60624933,-4.1378713],[-52.60627102,-4.13826771],[-52.60633407,-4.1388062],[-52.60668711,-4.13924228],[-52.60716278,-4.13930371],[-52.60707082,-4.13906717],[-52.60707572,-4.13901356],[-52.6070756,-4.13895116],[-52.60707268,-4.13884626],[-52.60705888,-4.1387007],[-52.60702779,-4.13847106],[-52.60701675,-4.13835352],[-52.60700568,-4.13822513],[-52.60697824,-4.13801719],[-52.60689834,-4.13769541],[-52.60679756,-4.13729771],[-52.60666485,-4.13669299],[-52.60652115,-4.13599695],[-52.60631973,-4.13526666],[-52.60601298,-4.13455558],[-52.60562048,-4.13330026],[-52.60511536,-4.13113542],[-52.60431725,-4.12837522],[-52.60391829,-4.12704033],[-52.6036011,-4.12605797],[-52.60329551,-4.12457459],[-52.60303592,-4.12312276],[-52.60290381,-4.12146358],[-52.60286696,-4.12015238],[-52.60291083,-4.11912136],[-52.60324376,-4.11627114],[-52.60348639,-4.11555352],[-52.60387031,-4.115229],[-52.60428902,-4.1147362],[-52.6046498,-4.11409882],[-52.60493368,-4.11374014],[-52.6050714,-4.11325604],[-52.6051507,-4.11282904],[-52.60519941,-4.11241657],[-52.60499997,-4.11176133],[-52.60497547,-4.11122331],[-52.60504463,-4.11090078],[-52.60511378,-4.11057824],[-52.60529862,-4.11023423],[-52.60544918,-4.10986134],[-52.60555445,-4.10936013],[-52.60552779,-4.10908889],[-52.60523861,-4.10859661],[-52.60473853,-4.10802879],[-52.60427027,-4.10761103],[-52.60358107,-4.10704269],[-52.60323458,-4.10671693],[-52.6025959,-4.10619551],[-52.6016471,-4.10551646],[-52.60063216,-4.10464311],[-52.59990878,-4.10409472],[-52.59935136,-4.10367442],[-52.59873273,-4.10326691],[-52.5981501,-4.10284666],[-52.59764776,-4.10249678],[-52.59720407,-4.10220376],[-52.59700656,-4.10206218],[-52.5968288,-4.10189162],[-52.59658795,-4.10169948],[-52.59583316,-4.10120541],[-52.59473118,-4.10048415],[-52.59320416,-4.09933779],[-52.59122382,-4.09756925],[-52.58889762,-4.09487353],[-52.58672415,-4.09289102],[-52.58526934,-4.09135382],[-52.58489813,-4.09081376],[-52.5840459,-4.08976371],[-52.58392005,-4.08942483],[-52.58371583,-4.08907706],[-52.58359635,-4.08877525],[-52.58337658,-4.08830453],[-52.58312506,-4.08771359],[-52.58279674,-4.08700162],[-52.58248931,-4.08591792],[-52.58169975,-4.0837563],[-52.58064882,-4.0814912],[-52.58059081,-4.08129869],[-52.5803898,-4.08075106],[-52.5799797,-4.07965852],[-52.57952698,-4.07749442],[-52.57944103,-4.07590928],[-52.57946131,-4.07522827],[-52.57968237,-4.07451522],[-52.57979794,-4.07420661],[-52.5800762,-4.07373038],[-52.58061561,-4.07278519],[-52.58138633,-4.07130508],[-52.58217507,-4.07029519],[-52.58236977,-4.06946191],[-52.5823136,-4.06883079],[-52.58237849,-4.06839206],[-52.58251937,-4.06812952],[-52.5827261,-4.06792112],[-52.58297708,-4.06777774],[-52.58327063,-4.06775546],[-52.58401964,-4.06761652],[-52.5846875,-4.06742439],[-52.58517767,-4.06709515],[-52.58535155,-4.06666796],[-52.58550289,-4.06622906],[-52.58549757,-4.06581307],[-52.5854969,-4.06546943],[-52.58540672,-4.0649469],[-52.58518767,-4.06437398],[-52.58482709,-4.06373623],[-52.58479522,-4.06355633],[-52.58481541,-4.06329041],[-52.58494169,-4.06292843],[-52.5850786,-4.06248141],[-52.58512876,-4.06187631],[-52.58505057,-4.06150117],[-52.58493941,-4.06129701],[-52.58458042,-4.06055163],[-52.58430271,-4.05945612],[-52.58402391,-4.05826113],[-52.58368326,-4.05722001],[-52.58340575,-4.05576276],[-52.58338191,-4.0546152],[-52.58344328,-4.05329655],[-52.58340358,-4.05279472],[-52.58336192,-4.05267362],[-52.58323812,-4.05245863],[-52.58315482,-4.05222638],[-52.5830814,-4.05197964],[-52.58297323,-4.05100136],[-52.58283562,-4.05063175],[-52.58285654,-4.05027088],[-52.58299362,-4.04990887],[-52.58309804,-4.04942394],[-52.58315033,-4.04898795],[-52.58311815,-4.04864798],[-52.5829268,-4.04842499],[-52.58257805,-4.04830901],[-52.58222862,-4.04829884],[-52.58184778,-4.04835294],[-52.58139239,-4.04850214],[-52.58096906,-4.04847132],[-52.58050312,-4.04829136],[-52.58023879,-4.04804771],[-52.57996239,-4.04762321],[-52.57980309,-4.04720933],[-52.57983379,-4.04678423],[-52.58003407,-4.04650711],[-52.58028752,-4.04624074],[-52.58057865,-4.04590557],[-52.58117227,-4.04505252],[-52.5813642,-4.04464881],[-52.58143811,-4.04421548],[-52.58151161,-4.04357326],[-52.58143966,-4.0431565],[-52.58131852,-4.04291618],[-52.58123168,-4.04271921],[-52.58100166,-4.04252251],[-52.58075258,-4.04245669],[-52.58058719,-4.04241299],[-52.58014061,-4.04152942],[-52.58033169,-4.04068529],[-52.58043817,-4.04032878],[-52.58057196,-4.04012594],[-52.58073638,-4.03992757],[-52.58095767,-4.03980234],[-52.58146801,-4.03966117],[-52.58190356,-4.03949573],[-52.58234959,-4.03916658],[-52.58267665,-4.03878251],[-52.58289327,-4.03810383],[-52.58291403,-4.03766518],[-52.58291308,-4.03717322],[-52.58289553,-4.03648234],[-52.5826531,-4.03499337],[-52.58236803,-4.03427136],[-52.58217864,-4.0336622],[-52.58211962,-4.03341182],[-52.58210752,-4.03320655],[-52.58206659,-4.03300044],[-52.58200759,-4.03276001],[-52.58198938,-4.03265423],[-52.5819258,-4.0323722],[-52.58186859,-4.03212814],[-52.58205562,-4.03244701],[-52.58225691,-4.03268898],[-52.58277993,-4.03258667],[-52.58440517,-4.03106964],[-52.58514737,-4.03021992],[-52.58528657,-4.02955315],[-52.58540603,-4.02892712],[-52.58548493,-4.02828126],[-52.58588629,-4.02767457],[-52.58598574,-4.02694729],[-52.58600481,-4.02656382],[-52.58666726,-4.02591683],[-52.58722852,-4.02510816],[-52.58762244,-4.02437487],[-52.58762334,-4.02437306],[-52.58807959,-4.02420758],[-52.58838307,-4.02421151],[-52.58853836,-4.02394895],[-52.58855678,-4.02369841],[-52.58850696,-4.02354839],[-52.58843614,-4.02335929],[-52.58829709,-4.02305775],[-52.58814176,-4.02283106],[-52.58794401,-4.02255472],[-52.58782373,-4.0222927],[-52.58776637,-4.02196725],[-52.5877583,-4.02152052],[-52.58782141,-4.02109536],[-52.58788423,-4.02098219],[-52.58797593,-4.02090424],[-52.58816593,-4.02089663],[-52.58823167,-4.02089651],[-52.5882668,-4.02090186],[-52.58830553,-4.0209045],[-52.58832085,-4.0209108],[-52.5886821,-4.02098154],[-52.58899177,-4.02092487],[-52.58947088,-4.02047719],[-52.5897099,-4.02020723],[-52.58993544,-4.01995177],[-52.5900693,-4.01978782],[-52.59025243,-4.01948722],[-52.59089026,-4.01869468],[-52.59137998,-4.01814027],[-52.59219105,-4.01752012],[-52.59269776,-4.01691322],[-52.59294102,-4.01650851],[-52.59307708,-4.01608321],[-52.59322036,-4.01567145],[-52.59333865,-4.01537279],[-52.59337574,-4.01499652],[-52.59336155,-4.01464204],[-52.59334651,-4.01431651],[-52.59340255,-4.0139619],[-52.593599,-4.01356452],[-52.59444521,-4.01342088],[-52.59483847,-4.01328808],[-52.59513346,-4.01309036],[-52.59588719,-4.01308888],[-52.5959519,-4.01256062],[-52.59549239,-4.0124304],[-52.59568883,-4.01203391],[-52.59614803,-4.01200046],[-52.596213,-4.01160423],[-52.59588406,-4.01147375],[-52.59549002,-4.01121045],[-52.59552206,-4.01055113],[-52.59611132,-4.01025336],[-52.5969641,-4.01025169],[-52.5975221,-4.0100851],[-52.59840653,-4.00968818],[-52.59870126,-4.00935752],[-52.59850347,-4.00906128],[-52.59804402,-4.00896361],[-52.59801122,-4.00876563],[-52.59810861,-4.00837024],[-52.59791185,-4.00814002],[-52.59735372,-4.00823969],[-52.59702664,-4.00860296],[-52.59650177,-4.00867001],[-52.59630476,-4.00830776],[-52.59594385,-4.00840703],[-52.59558929,-4.00876538],[-52.59575658,-4.0084282],[-52.59581663,-4.00827977],[-52.5959056,-4.00726132],[-52.59577787,-4.00686789],[-52.59562568,-4.00639913],[-52.59488136,-4.00567712],[-52.59427541,-4.00479295],[-52.593717,-4.00428129],[-52.59332217,-4.00407225],[-52.59291783,-4.00402328],[-52.59165358,-4.0040954],[-52.59084503,-4.00415485],[-52.589931,-4.00414578],[-52.58892909,-4.00386648],[-52.58802098,-4.00365843],[-52.58741512,-4.00328522],[-52.58701898,-4.00286547],[-52.5865292,-4.0024459],[-52.586202,-4.00181531],[-52.58615405,-4.00123029],[-52.58613714,-4.00086769],[-52.58639179,-4.00000274]]]]},"geometry_name":"the_geom","properties":{"terrai_codigo":23201,"terrai_nome":"Koatinemo","etnia_nome":"Asurini do Xingu","municipio_nome":"Altamira,Senador José Porfírio","uf_sigla":"PA","superficie_perimetro_ha":387834.2501,"fase_ti":"Regularizada","modalidade_ti":"Tradicionalmente ocupada","reestudo_ti":null,"cr":"COORDENACAO REGIONAL CENTRO-LESTE DO PARÁ","faixa_fronteira":"Não","undadm_codigo":30202001913,"undadm_nome":"COORDENACAO REGIONAL CENTRO-LESTE DO PARÁ","undadm_sigla":"CR-CLPA","dominio_uniao":"t","data_atualizacao":"25/09/2024","epsg":4674}}],"totalFeatures":1,"numberMatched":1,"numberReturned":1,"timeStamp":"2026-03-20T23:44:50.344Z","crs":{"type":"name","properties":{"name":"urn:ogc:def:crs:EPSG::4674"}}}